dataset,IAI,IAI_class,IAI_empirical,IAI_empirical_class
CD000028_pub4_data,0.95,Adequate,0.849999983359694,Adequate
CD000143_pub2_data,0.8828,Adequate,0.816365339615319,Adequate
CD000219_pub5_data,0.8801,Adequate,0.815037113032867,Adequate
CD000478_pub5_data,0.8437,Adequate,0.796850203662046,Adequate
CD000547_pub3_data,0.9006,Adequate,0.825329226239006,Adequate
CD001072_pub2_data,0.1757,Critical,0.287878616210786,Inadequate
CD001155_pub3_data,0.95,Adequate,0.85,Adequate
CD001321_pub7_data,0.95,Adequate,0.849998428446237,Adequate
CD001396_pub4_data,0.95,Adequate,0.849994761441043,Adequate
CD001431_pub6_data,0.9499,Adequate,0.85,Adequate
CD001533_pub7_data,0.95,Adequate,0.849999109464051,Adequate
CD001552_pub3_data,0.3788,Inadequate,0.48943264807095,Inadequate
CD001703_pub4_data,0.8982,Adequate,0.82406871544622,Adequate
CD001797_pub4_data,0.4196,Inadequate,0.409788790978786,Inadequate
CD001837_pub4_data,0.95,Adequate,0.849999999715258,Adequate
CD001909_pub4_data,0.8942,Adequate,0.822065193959441,Adequate
CD002042_pub6_data,0.95,Adequate,0.849999999995272,Adequate
CD002052_pub4_data,0.4316,Inadequate,0.415796376259898,Inadequate
CD002112_pub2_data,0.9447,Adequate,0.84741135978844,Adequate
CD002115_pub6_data,0.4596,Inadequate,0.42975274511991,Inadequate
CD002122_pub3_data,0.5973,Marginal,0.498720265725231,Inadequate
CD002203_pub5_data,0.6216,Marginal,0.610747157415871,Marginal
CD002243_pub5_data,0.95,Adequate,0.85,Adequate
CD002290_pub6_data,0.9471,Adequate,0.848530470046926,Adequate
CD002303_pub4_data,0.1996,Critical,0.299838790978786,Inadequate
CD002971_pub6_data,0.5606,Marginal,0.58035856331757,Marginal
CD003129_pub2_data,0.6359,Marginal,0.692933457031418,Marginal
CD003214_pub4_data,0.2339,Critical,0.316987197146185,Inadequate
CD003216_pub3_data,0.5047,Marginal,0.552268587198547,Marginal
CD003218_pub3_data,0.3592,Inadequate,0.42965,Inadequate
CD003331_pub6_data,0.9486,Adequate,0.849224721701874,Adequate
CD003333_pub4_data,0.3936,Inadequate,0.496726484216534,Inadequate
CD003357_pub5_data,0.6667,Marginal,0.70823652345214,Marginal
CD003376_pub4_data,0.9408,Adequate,0.845413497220224,Adequate
CD003414_pub4_data,0.6012,Marginal,0.600549744345571,Marginal
CD003429_pub5_data,0.2541,Inadequate,0.327012586906169,Inadequate
CD003451_pub3_data,0.1723,Critical,0.286094423033014,Inadequate
CD003477_pub5_data,0.4406,Inadequate,0.4703,Inadequate
CD003511_pub6_data,0.6208,Marginal,0.510409464126073,Marginal
CD003519_pub5_data,0.95,Adequate,0.849999999893133,Adequate
CD003594_pub7_data,0.5698,Marginal,0.484875663181336,Inadequate
CD003598_pub3_data,0.9476,Adequate,0.848799999983791,Adequate
CD003743_pub3_data,0.329,Inadequate,0.464555690719865,Inadequate
CD003774_pub5_data,0.95,Adequate,0.849999999999997,Adequate
CD003833_pub5_data,0.1755,Critical,0.287793409513045,Inadequate
CD003962_pub3_data,0.4413,Inadequate,0.420697303950059,Inadequate
CD004184_pub3_data,0.54,Marginal,0.470021334813643,Inadequate
CD004307_pub7_data,0.9459,Adequate,0.847937433689426,Adequate
CD004372_pub3_data,0.3605,Inadequate,0.43025,Inadequate
CD004376_pub4_data,0.8759,Adequate,0.812936600279555,Adequate
CD004406_pub6_data,0.6317,Marginal,0.515892207106954,Marginal
CD004417_pub6_data,0.758,Adequate,0.753990481256976,Adequate
CD004508_pub5_data,0.3934,Inadequate,0.39659998293377,Inadequate
CD004661_pub4_data,0.9327,Adequate,0.841299993878373,Adequate
CD004667_pub6_data,0.582,Marginal,0.490999999999999,Inadequate
CD004703_pub3_data,0.2934,Inadequate,0.34675705511288,Inadequate
CD004736_pub6_data,0.95,Adequate,0.849999999999995,Adequate
CD004762_pub3_data,0.3576,Inadequate,0.42875,Inadequate
CD004871_pub5_data,0.9498,Adequate,0.849901743516107,Adequate
CD004904_pub4_data,0.1963,Critical,0.298182099737314,Inadequate
CD004925_pub4_data,0.6711,Marginal,0.710652837269505,Marginal
CD004953_pub5_data,0.8139,Adequate,0.781899714047277,Adequate
CD004992_pub4_data,0.6394,Marginal,0.694737197146185,Marginal
CD005133_pub4_data,0.5363,Marginal,0.468103239901773,Inadequate
CD005187_pub6_data,0.9278,Adequate,0.838858763469934,Adequate
CD005343_pub7_data,0.8931,Adequate,0.821629787019903,Adequate
CD005495_pub5_data,0.4546,Inadequate,0.527348416995313,Marginal
CD005566_pub4_data,0.95,Adequate,0.85,Adequate
CD005582_pub5_data,0.2588,Inadequate,0.329456131174525,Inadequate
CD005595_pub4_data,0.4034,Inadequate,0.501749975700787,Marginal
CD005951_pub5_data,0.5693,Marginal,0.484699541561737,Inadequate
CD006023_pub4_data,0.9216,Adequate,0.835749926460141,Adequate
CD006027_pub3_data,0.5208,Marginal,0.560464044830416,Marginal
CD006124_pub3_data,0.3342,Inadequate,0.367127800085717,Inadequate
CD006140_pub3_data,0.6287,Marginal,0.614383079225151,Marginal
CD006182_pub3_data,0.9406,Adequate,0.845337783456181,Adequate
CD006185_pub6_data,0.95,Adequate,0.85,Adequate
CD006257_pub2_data,0.5938,Marginal,0.49684521230681,Inadequate
CD006273_pub4_data,0.4447,Inadequate,0.4724,Inadequate
CD006404_pub5_data,0.8122,Adequate,0.781145804335765,Adequate
CD006475_pub3_data,0.95,Adequate,0.85,Adequate
CD006515_pub2_data,0.3399,Inadequate,0.369976457196766,Inadequate
CD006536_pub5_data,0.9469,Adequate,0.848434105722802,Adequate
CD006606_pub5_data,0.6286,Marginal,0.689342703553989,Marginal
CD006632_pub3_data,0.3692,Inadequate,0.4346,Inadequate
CD006689_pub3_data,0.6079,Marginal,0.503894936553753,Marginal
CD006712_pub3_data,0.3593,Inadequate,0.42965,Inadequate
CD006714_pub3_data,0.6452,Marginal,0.697509830418684,Marginal
CD006742_pub3_data,0.2001,Critical,0.299964684424556,Inadequate
CD006839_pub5_data,0.3822,Inadequate,0.491120598219449,Inadequate
CD006913_pub3_data,0.95,Adequate,0.85,Adequate
CD006919_pub5_data,0.6371,Marginal,0.518539710054959,Marginal
CD006942_pub4_data,0.4522,Inadequate,0.526113059815541,Marginal
CD006982_pub5_data,0.2643,Inadequate,0.33221760973134,Inadequate
CD007024_pub3_data,0.8873,Adequate,0.818733354172856,Adequate
CD007026_pub7_data,0.5774,Marginal,0.488752273668708,Inadequate
CD007079_pub4_data,0.916,Adequate,0.83305,Adequate
CD007110_pub4_data,0.1817,Critical,0.29090781286872,Inadequate
CD007130_pub5_data,0.6135,Marginal,0.506710383079053,Marginal
CD007156_pub3_data,0.6543,Marginal,0.70213570091532,Marginal
CD007310_pub3_data,0.5665,Marginal,0.483193555213471,Inadequate
CD007374_pub3_data,0.3537,Inadequate,0.376821872633461,Inadequate
CD007388_pub3_data,0.6117,Marginal,0.505797866280696,Marginal
CD007491_pub3_data,0.3663,Inadequate,0.4331,Inadequate
CD007569_pub4_data,0.3556,Inadequate,0.477817662817148,Inadequate
CD007572_pub4_data,0.95,Adequate,0.84999999990966,Adequate
CD007639_pub3_data,0.6725,Marginal,0.711247868031116,Marginal
CD007674_pub3_data,0.9453,Adequate,0.847672921189512,Adequate
CD007784_pub3_data,0.95,Adequate,0.85,Adequate
CD007809_pub3_data,0.9482,Adequate,0.8491,Adequate
CD007837_pub3_data,0.2182,Critical,0.309180713501592,Inadequate
CD007859_pub5_data,0.2172,Critical,0.308525791137404,Inadequate
CD007872_pub4_data,0.6051,Marginal,0.602499985300289,Marginal
CD007895_pub3_data,0.1728,Critical,0.286334845862863,Inadequate
CD007896_pub4_data,0.9219,Adequate,0.835938821490509,Adequate
CD008063_pub3_data,0.3589,Inadequate,0.4295,Inadequate
CD008145_pub4_data,0.3655,Inadequate,0.4328,Inadequate
CD008165_pub5_data,0.7939,Adequate,0.772007105669991,Adequate
CD008176_pub3_data,0.927,Adequate,0.838449999999855,Adequate
CD008237_pub4_data,0.6276,Marginal,0.688786518733037,Marginal
CD008309_pub3_data,0.8021,Adequate,0.776048796667532,Adequate
CD008349_pub5_data,0.3726,Inadequate,0.43625,Inadequate
CD008493_pub5_data,0.6225,Marginal,0.511249999973382,Marginal
CD008552_pub8_data,0.4359,Inadequate,0.4679,Inadequate
CD008564_pub3_data,0.6449,Marginal,0.5225,Marginal
CD008628_pub3_data,0.4341,Inadequate,0.417018149958827,Inadequate
CD008688_pub3_data,0.4565,Inadequate,0.52816940884683,Marginal
CD008709_pub4_data,0.9467,Adequate,0.84835,Adequate
CD008771_pub3_data,0.1812,Critical,0.290622313263816,Inadequate
CD008858_pub5_data,0.684,Marginal,0.716984696618441,Marginal
CD008873_pub5_data,0.7982,Adequate,0.774056997532097,Adequate
CD008879_pub3_data,0.8107,Adequate,0.780378131876758,Adequate
CD008940_pub4_data,0.6164,Marginal,0.608199256161304,Marginal
CD008973_pub3_data,0.6824,Marginal,0.716185194749747,Marginal
CD008995_pub3_data,0.2937,Inadequate,0.346876361441696,Inadequate
CD009022_pub4_data,0.3286,Inadequate,0.36431198350643,Inadequate
CD009102_pub2_data,0.5412,Marginal,0.470645454081948,Inadequate
CD009235_pub4_data,0.9495,Adequate,0.849756563841992,Adequate
CD009244_pub3_data,0.207,Critical,0.303533003391488,Inadequate
CD009252_pub2_data,0.7205,Marginal,0.735224361024878,Marginal
CD009298_pub3_data,0.9407,Adequate,0.845349993248073,Adequate
CD009362_pub4_data,0.873,Adequate,0.811504759420993,Adequate
CD009417_pub3_data,0.3411,Inadequate,0.370547922309723,Inadequate
CD009508_pub2_data,0.9113,Adequate,0.830719287384316,Adequate
CD009531_pub3_data,0.5315,Marginal,0.465753689207257,Inadequate
CD009535_pub3_data,0.6275,Marginal,0.613749999991821,Marginal
CD009609_pub3_data,0.6813,Marginal,0.71573581818051,Marginal
CD009679_pub3_data,0.3849,Inadequate,0.392438589031643,Inadequate
CD009730_pub3_data,0.3498,Inadequate,0.374871083179391,Inadequate
CD009749_pub3_data,0.8986,Adequate,0.82433240863416,Adequate
CD009752_pub3_data,0.401,Inadequate,0.400550585708292,Inadequate
CD009788_pub3_data,0.2261,Critical,0.31305458511459,Inadequate
CD009945_pub3_data,0.3518,Inadequate,0.375934835768991,Inadequate
CD010001_pub4_data,0.9462,Adequate,0.848117015825658,Adequate
CD010136_pub4_data,0.1892,Critical,0.294631863654663,Inadequate
CD010145_pub2_data,0.6179,Marginal,0.508999624283252,Marginal
CD010163_pub3_data,0.1749,Critical,0.28749024399628,Inadequate
CD010189_pub3_data,0.3599,Inadequate,0.42995,Inadequate
CD010216_pub9_data,0.9495,Adequate,0.84981043777239,Adequate
CD010290_pub4_data,0.9468,Adequate,0.848350026554503,Adequate
CD010333_pub4_data,0.2882,Inadequate,0.344091814449808,Inadequate
CD010441_pub3_data,0.8297,Adequate,0.789883779680865,Adequate
CD010533_pub3_data,0.8302,Adequate,0.790145854381816,Adequate
CD010583_pub6_data,0.4722,Inadequate,0.436076076257628,Inadequate
CD010779_pub2_data,0.3587,Inadequate,0.42935,Inadequate
CD010856_pub3_data,0.396,Inadequate,0.44795,Inadequate
CD010861_pub3_data,0.5455,Marginal,0.572722225291587,Marginal
CD010966_pub4_data,0.9495,Adequate,0.8497,Adequate
CD011039_pub2_data,0.3383,Inadequate,0.369167742684853,Inadequate
CD011044_pub3_data,0.9497,Adequate,0.849826321849346,Adequate
CD011060_pub2_data,0.1907,Critical,0.29529803457681,Inadequate
CD011120_pub3_data,0.634,Marginal,0.69196874698941,Marginal
CD011192_pub4_data,0.6337,Marginal,0.516865007277354,Marginal
CD011197_pub3_data,0.8201,Adequate,0.785048801056769,Adequate
CD011204_pub3_data,0.95,Adequate,0.849999999893133,Adequate
CD011218_pub2_data,0.6196,Marginal,0.684769572421929,Marginal
CD011305_pub3_data,0.7658,Adequate,0.757903677026785,Adequate
CD011330_pub2_data,0.2216,Critical,0.310784845862862,Inadequate
CD011381_pub3_data,0.8631,Adequate,0.806498914471226,Adequate
CD011468_pub2_data,0.4695,Inadequate,0.434701451617086,Inadequate
CD011535_pub7_data,0.95,Adequate,0.849999623910915,Adequate
CD011575_pub3_data,0.9487,Adequate,0.849355126462638,Adequate
CD011600_pub3_data,0.6032,Marginal,0.601599994814699,Marginal
CD011624_pub3_data,0.8853,Adequate,0.817568186386808,Adequate
CD011626_pub3_data,0.2658,Inadequate,0.332869799550901,Inadequate
CD011627_pub3_data,0.3176,Inadequate,0.358823586673771,Inadequate
CD011670_pub3_data,0.2725,Inadequate,0.336222545152847,Inadequate
CD011671_pub3_data,0.95,Adequate,0.849999999999898,Adequate
CD011689_pub4_data,0.95,Adequate,0.85,Adequate
CD011762_pub2_data,0.95,Adequate,0.85,Adequate
CD011778_pub2_data,0.3576,Inadequate,0.42875,Inadequate
CD011793_pub3_data,0.3339,Inadequate,0.466992334265301,Inadequate
CD011800_pub2_data,0.398,Inadequate,0.449,Inadequate
CD011806_pub2_data,0.277,Inadequate,0.338501046934028,Inadequate
CD011841_pub3_data,0.3632,Inadequate,0.481508096499583,Inadequate
CD011851_pub3_data,0.2081,Critical,0.304052399388734,Inadequate
CD011858_pub2_data,0.2408,Critical,0.320332220181041,Inadequate
CD011866_pub3_data,0.5893,Marginal,0.494696351727399,Inadequate
CD011885_pub2_data,0.8093,Adequate,0.779634053477421,Adequate
CD012067_pub3_data,0.9368,Adequate,0.843421601222152,Adequate
CD012079_pub2_data,0.6194,Marginal,0.609674872898564,Marginal
CD012152_pub4_data,0.8865,Adequate,0.818199793184542,Adequate
CD012170_pub2_data,0.3591,Inadequate,0.4295,Inadequate
CD012178_pub2_data,0.3592,Inadequate,0.37950225671021,Inadequate
CD012186_pub2_data,0.9406,Adequate,0.845348639209417,Adequate
CD012214_pub3_data,0.6488,Marginal,0.699487993066694,Marginal
CD012265_pub2_data,0.1818,Critical,0.290963835113079,Inadequate
CD012268_pub2_data,0.362,Inadequate,0.431,Inadequate
CD012335_pub2_data,0.2095,Critical,0.304701450417574,Inadequate
CD012397_pub2_data,0.2233,Critical,0.311550361220471,Inadequate
CD012426_pub2_data,0.9189,Adequate,0.834399999025833,Adequate
CD012429_pub2_data,0.8011,Adequate,0.775556663217422,Adequate
CD012445_pub2_data,0.3659,Inadequate,0.43295,Inadequate
CD012503_pub3_data,0.8117,Adequate,0.78085,Adequate
CD012532_pub2_data,0.3592,Inadequate,0.42965,Inadequate
CD012570_pub2_data,0.5859,Marginal,0.492855168461521,Inadequate
CD012572_pub3_data,0.9497,Adequate,0.849825974448003,Adequate
CD012586_pub2_data,0.8728,Adequate,0.81145,Adequate
CD012594_pub2_data,0.2752,Inadequate,0.337555010537876,Inadequate
CD012609_pub2_data,0.6898,Marginal,0.719890861277464,Marginal
CD012623_pub2_data,0.9497,Adequate,0.849837596103909,Adequate
CD012635_pub2_data,0.6243,Marginal,0.512175060974154,Marginal
CD012642_pub2_data,0.3841,Inadequate,0.492117023088887,Inadequate
CD012693_pub3_data,0.5784,Marginal,0.4892,Inadequate
CD012712_pub2_data,0.95,Adequate,0.85,Adequate
CD012718_pub2_data,0.3701,Inadequate,0.385066314132805,Inadequate
CD012757_pub2_data,0.3319,Inadequate,0.365926361441696,Inadequate
CD012850_pub2_data,0.6319,Marginal,0.691044152978557,Marginal
CD012886_pub3_data,0.3125,Inadequate,0.356228516475409,Inadequate
CD012891_pub2_data,0.6114,Marginal,0.680678099139642,Marginal
CD012905_pub2_data,0.7596,Adequate,0.754876201824844,Adequate
CD012925_pub2_data,0.6017,Marginal,0.600848652749419,Marginal
CD012942_pub2_data,0.95,Adequate,0.85,Adequate
CD012967_pub2_data,0.1765,Critical,0.28832777736461,Inadequate
CD012993_pub2_data,0.4449,Inadequate,0.52245532063926,Marginal
CD012997_pub3_data,0.2106,Critical,0.305253989473596,Inadequate
CD013023_pub2_data,0.365,Inadequate,0.482508133759629,Inadequate
CD013038_pub3_data,0.1827,Critical,0.291318716096266,Inadequate
CD013042_pub2_data,0.9128,Adequate,0.831320000157203,Adequate
CD013051_pub3_data,0.9208,Adequate,0.835406845142552,Adequate
CD013052_pub3_data,0.5837,Marginal,0.491831163893865,Inadequate
CD013053_pub3_data,0.751,Adequate,0.750499995833375,Adequate
CD013054_pub3_data,0.826,Adequate,0.787995653990972,Adequate
CD013055_pub3_data,0.7018,Marginal,0.725884506414582,Marginal
CD013056_pub3_data,0.3367,Inadequate,0.368398787674369,Inadequate
CD013057_pub3_data,0.1988,Critical,0.299347076441194,Inadequate
CD013059_pub2_data,0.2395,Critical,0.319699177298648,Inadequate
CD013071_pub2_data,0.3382,Inadequate,0.469088700951636,Inadequate
CD013078_pub2_data,0.1868,Critical,0.293444535276992,Inadequate
CD013105_pub2_data,0.534,Marginal,0.566988088238186,Marginal
CD013111_pub2_data,0.4245,Inadequate,0.412254433788429,Inadequate
CD013158_pub2_data,0.3098,Inadequate,0.354790061346148,Inadequate
CD013166_pub3_data,0.2523,Inadequate,0.326132948695698,Inadequate
CD013197_pub2_data,0.5199,Marginal,0.45989218713128,Inadequate
CD013232_pub2_data,0.95,Adequate,0.849999999956897,Adequate
CD013255_pub2_data,0.9052,Adequate,0.827630358420452,Adequate
CD013278_pub3_data,0.6118,Marginal,0.505991246099147,Marginal
CD013284_pub2_data,0.2493,Critical,0.324560812939327,Inadequate
CD013294_pub2_data,0.1828,Critical,0.291372313263816,Inadequate
CD013295_pub2_data,0.9497,Adequate,0.849838054058061,Adequate
CD013303_pub2_data,0.886,Adequate,0.818014253758896,Adequate
CD013329_pub2_data,0.3597,Inadequate,0.4298,Inadequate
CD013331_pub2_data,0.2412,Critical,0.320654682121615,Inadequate
CD013332_pub2_data,0.827,Adequate,0.788449138190362,Adequate
CD013342_pub2_data,0.6283,Marginal,0.689112415855118,Marginal
CD013344_pub2_data,0.7642,Adequate,0.757067096494129,Adequate
CD013353_pub2_data,0.3575,Inadequate,0.42875,Inadequate
CD013355_pub2_data,0.2382,Critical,0.319059675853205,Inadequate
CD013358_pub2_data,0.2233,Critical,0.31165184506246,Inadequate
CD013366_pub2_data,0.947,Adequate,0.848521691731144,Adequate
CD013377_pub2_data,0.2698,Inadequate,0.334883003391488,Inadequate
CD013396_pub2_data,0.9414,Adequate,0.845649999999989,Adequate
CD013408_pub2_data,0.9019,Adequate,0.82600280241014,Adequate
CD013414_pub2_data,0.8696,Adequate,0.809811209021215,Adequate
CD013421_pub2_data,0.4294,Inadequate,0.414657159625198,Inadequate
CD013425_pub2_data,0.6023,Marginal,0.601114386837264,Marginal
CD013429_pub2_data,0.6287,Marginal,0.689373145610177,Marginal
CD013445_pub2_data,0.6533,Marginal,0.526699999998607,Marginal
CD013456_pub2_data,0.9498,Adequate,0.849875606430832,Adequate
CD013462_pub3_data,0.8546,Adequate,0.802314692226444,Adequate
CD013468_pub2_data,0.6765,Marginal,0.713202552912539,Marginal
CD013474_pub2_data,0.5728,Marginal,0.58642554856491,Marginal
CD013476_pub2_data,0.2704,Inadequate,0.33516298555186,Inadequate
CD013508_pub3_data,0.1847,Critical,0.292362586906169,Inadequate
CD013539_pub2_data,0.5697,Marginal,0.48485,Inadequate
CD013541_pub2_data,0.8485,Adequate,0.799328949780813,Adequate
CD013561_pub2_data,0.3234,Inadequate,0.36169544748313,Inadequate
CD013571_pub2_data,0.3981,Inadequate,0.399067782997644,Inadequate
CD013590_pub2_data,0.3837,Inadequate,0.39180324178951,Inadequate
CD013591_pub2_data,0.3615,Inadequate,0.4307,Inadequate
CD013595_pub2_data,0.9363,Adequate,0.843200345705478,Adequate
CD013613_pub2_data,0.3567,Inadequate,0.478407652630174,Inadequate
CD013614_pub2_data,0.95,Adequate,0.849999956800552,Adequate
CD013631_pub2_data,0.2766,Inadequate,0.338282743153017,Inadequate
CD013643_pub2_data,0.4156,Inadequate,0.407758244963792,Inadequate
CD013672_pub2_data,0.9499,Adequate,0.849933063935059,Adequate
CD013707_pub2_data,0.2218,Critical,0.310913109393326,Inadequate
CD013715_pub2_data,0.846,Adequate,0.798001209987439,Adequate
CD013719_pub2_data,0.4861,Inadequate,0.442984506733714,Inadequate
CD013726_pub2_data,0.4756,Inadequate,0.437800032550456,Inadequate
CD013729_pub2_data,0.173,Critical,0.28648128455378,Inadequate
CD013731_pub2_data,0.1942,Critical,0.297159023421304,Inadequate
CD013745_pub2_data,0.5942,Marginal,0.497075767268668,Inadequate
CD013748_pub2_data,0.9172,Adequate,0.833577842091538,Adequate
CD013757_pub3_data,0.9221,Adequate,0.835989043110243,Adequate
CD013758_pub2_data,0.3403,Inadequate,0.37021246797751,Inadequate
CD013763_pub3_data,0.8401,Adequate,0.79510359213538,Adequate
CD013764_pub2_data,0.5812,Marginal,0.490572260677819,Inadequate
CD013773_pub2_data,0.7309,Marginal,0.740477052226409,Marginal
CD013774_pub2_data,0.8485,Adequate,0.799150039916614,Adequate
CD013781_pub2_data,0.95,Adequate,0.84999927814498,Adequate
CD013789_pub2_data,0.462,Inadequate,0.48095,Inadequate
CD013800_pub2_data,0.9125,Adequate,0.83124999999841,Adequate
CD013801_pub2_data,0.2794,Inadequate,0.339655010537876,Inadequate
CD013810_pub2_data,0.3589,Inadequate,0.4295,Inadequate
CD013816_pub2_data,0.2164,Critical,0.308174074360189,Inadequate
CD013821_pub2_data,0.5993,Marginal,0.599640439894996,Marginal
CD013822_pub2_data,0.9468,Adequate,0.848448074345025,Adequate
CD013823_pub2_data,0.2738,Inadequate,0.336822964339538,Inadequate
CD013827_pub2_data,0.5637,Marginal,0.481935780546284,Inadequate
CD013830_pub2_data,0.95,Adequate,0.849999999266679,Adequate
CD013834_pub2_data,0.3689,Inadequate,0.43445,Inadequate
CD013844_pub2_data,0.5563,Marginal,0.478109972234938,Inadequate
CD013853_pub2_data,0.1768,Critical,0.288358244963792,Inadequate
CD013857_pub2_data,0.194,Critical,0.297062767133542,Inadequate
CD013874_pub3_data,0.8019,Adequate,0.775952121591754,Adequate
CD013875_pub2_data,0.82,Adequate,0.785048801056769,Adequate
CD014040_pub2_data,0.9494,Adequate,0.849699964347198,Adequate
CD014089_data,0.2575,Inadequate,0.328760258515092,Inadequate
CD014145_pub2_data,0.239,Critical,0.319525811641738,Inadequate
CD014160_pub2_data,0.3585,Inadequate,0.4292,Inadequate
CD014300_pub2_data,0.3646,Inadequate,0.482260633087284,Inadequate
CD014428_pub2_data,0.3617,Inadequate,0.43085,Inadequate
CD014497_pub2_data,0.4101,Inadequate,0.404951265848364,Inadequate
CD014541_pub2_data,0.6104,Marginal,0.60522023578692,Marginal
CD014544_pub2_data,0.675,Marginal,0.712494438210818,Marginal
CD014573_data,0.3575,Inadequate,0.42875,Inadequate
CD014574_pub2_data,0.4965,Inadequate,0.548216568135233,Marginal
CD014580_pub2_data,0.1995,Critical,0.299766080119772,Inadequate
CD014585_pub2_data,0.948,Adequate,0.849008614567064,Adequate
CD014594_pub2_data,0.5568,Marginal,0.478428046338025,Inadequate
CD014617_pub3_data,0.5836,Marginal,0.591809256398078,Marginal
CD014623_pub2_data,0.2051,Critical,0.302514544696016,Inadequate
CD014624_pub2_data,0.95,Adequate,0.849999907442742,Adequate
CD014666_pub2_data,0.3264,Inadequate,0.363264003875546,Inadequate
CD014678_pub2_data,0.8022,Adequate,0.776046064440853,Adequate
CD014687_pub2_data,0.4287,Inadequate,0.414377345069993,Inadequate
CD014688_pub2_data,0.3737,Inadequate,0.43685,Inadequate
CD014713_pub2_data,0.5983,Marginal,0.599146387258354,Marginal
CD014722_pub2_data,0.95,Adequate,0.849999999798542,Adequate
CD014736_pub2_data,0.1904,Critical,0.295175791137404,Inadequate
CD014741_pub2_data,0.5657,Marginal,0.482899889188853,Inadequate
CD014755_pub2_data,0.1863,Critical,0.293117722715092,Inadequate
CD014758_pub3_data,0.3972,Inadequate,0.44855,Inadequate
CD014762_pub2_data,0.3431,Inadequate,0.471523825912465,Inadequate
CD014763_pub2_data,0.6791,Marginal,0.714447364970232,Marginal
CD014769_pub2_data,0.9475,Adequate,0.8488,Adequate
CD014785_pub2_data,0.2032,Critical,0.301614341787478,Inadequate
CD014792_pub2_data,0.4523,Inadequate,0.526088104587081,Marginal
CD014802_pub2_data,0.4758,Inadequate,0.537861036238683,Marginal
CD014803_pub2_data,0.1827,Critical,0.291393012516139,Inadequate
CD014811_pub2_data,0.3473,Inadequate,0.473696695391055,Inadequate
CD014820_pub2_data,0.9063,Adequate,0.8281,Adequate
CD014833_pub2_data,0.8015,Adequate,0.775682921027366,Adequate
CD014844_pub2_data,0.7792,Adequate,0.764633290297975,Adequate
CD014845_pub2_data,0.5812,Marginal,0.54065,Marginal
CD014852_pub2_data,0.86,Adequate,0.804999999624754,Adequate
CD014855_pub2_data,0.4618,Inadequate,0.430959158370731,Inadequate
CD014861_pub2_data,0.4354,Inadequate,0.417680616834505,Inadequate
CD014869_pub2_data,0.6071,Marginal,0.603549998555407,Marginal
CD014871_pub2_data,0.3609,Inadequate,0.4304,Inadequate
CD014872_pub2_data,0.9499,Adequate,0.849954946649536,Adequate
CD014889_pub2_data,0.7121,Marginal,0.731032501821977,Marginal
CD014891_pub2_data,0.2384,Critical,0.319201203332468,Inadequate
CD014914_pub2_data,0.9456,Adequate,0.847846485984397,Adequate
CD014920_pub2_data,0.3533,Inadequate,0.376708244963792,Inadequate
CD014923_pub2_data,0.4578,Inadequate,0.42894024399628,Inadequate
CD014932_pub2_data,0.358,Inadequate,0.42905,Inadequate
CD014935_pub2_data,0.1853,Critical,0.292695155005165,Inadequate
CD014937_pub2_data,0.95,Adequate,0.849999999990629,Adequate
CD014941_pub2_data,0.9068,Adequate,0.82841281116904,Adequate
CD014944_pub2_data,0.3437,Inadequate,0.471817742684853,Inadequate
CD014959_pub2_data,0.3147,Inadequate,0.357283015461823,Inadequate
CD014960_pub2_data,0.2,Critical,0.299967736033407,Inadequate
CD014964_pub2_data,0.95,Adequate,0.849999999973168,Adequate
CD014965_pub2_data,0.6986,Marginal,0.724290061346148,Marginal
CD014966_pub2_data,0.86,Adequate,0.804999999999903,Adequate
CD014967_pub2_data,0.4783,Inadequate,0.539163428494795,Marginal
CD014999_pub2_data,0.4684,Inadequate,0.434185487530013,Inadequate
CD015003_pub2_data,0.2506,Inadequate,0.32537999878315,Inadequate
CD015014_pub2_data,0.8701,Adequate,0.810099999820606,Adequate
CD015033_pub2_data,0.8707,Adequate,0.810390439894997,Adequate
CD015038_pub2_data,0.8273,Adequate,0.788655882461981,Adequate
CD015040_pub2_data,0.3813,Inadequate,0.4406,Inadequate
CD015042_pub2_data,0.5629,Marginal,0.581485626204842,Marginal
CD015046_pub2_data,0.2455,Critical,0.322775791137404,Inadequate
CD015060_pub2_data,0.1885,Critical,0.294219093777091,Inadequate
CD015064_pub2_data,0.4418,Inadequate,0.420879253242195,Inadequate
CD015066_pub2_data,0.3819,Inadequate,0.39095840393379,Inadequate
CD015083_pub2_data,0.3852,Inadequate,0.44255,Inadequate
CD015084_pub2_data,0.4706,Inadequate,0.435304573524556,Inadequate
CD015087_pub2_data,0.3999,Inadequate,0.399950812693278,Inadequate
CD015101_data,0.2038,Critical,0.301871159631218,Inadequate
CD015120_pub2_data,0.4829,Inadequate,0.49145,Inadequate
CD015122_pub2_data,0.7597,Adequate,0.754803824129246,Adequate
CD015123_pub2_data,0.6858,Marginal,0.717929450888476,Marginal
CD015134_pub2_data,0.5775,Marginal,0.588774637222592,Marginal
CD015140_pub2_data,0.4804,Inadequate,0.440153088192182,Inadequate
CD015145_pub2_data,0.4049,Inadequate,0.402401858906501,Inadequate
CD015158_pub2_data,0.1871,Critical,0.293646175870754,Inadequate
CD015160_pub2_data,0.319,Inadequate,0.359434345483901,Inadequate
CD015192_pub2_data,0.4273,Inadequate,0.413679014035233,Inadequate
CD015213_pub2_data,0.9192,Adequate,0.834630904301794,Adequate
CD015215_pub2_data,0.5427,Marginal,0.571401923780244,Marginal
CD015219_pub2_data,0.928,Adequate,0.838980735270074,Adequate
CD015229_pub2_data,0.6768,Marginal,0.713382381027563,Marginal
CD015252_pub2_data,0.9452,Adequate,0.847682829545104,Adequate
CD015254_pub2_data,0.9493,Adequate,0.849661549124524,Adequate
CD015255_pub2_data,0.9498,Adequate,0.849908016186563,Adequate
CD015284_pub2_data,0.8281,Adequate,0.789143310321452,Adequate
CD015313_pub2_data,0.3575,Inadequate,0.42875,Inadequate
CD015314_pub2_data,0.9316,Adequate,0.840817342519859,Adequate
CD015326_pub2_data,0.3686,Inadequate,0.4343,Inadequate
CD015331_pub2_data,0.5811,Marginal,0.490487337744222,Inadequate
CD015332_pub2_data,0.3697,Inadequate,0.384780308369861,Inadequate
CD015350_pub2_data,0.5552,Marginal,0.477582505639702,Inadequate
CD015373_pub2_data,0.6934,Marginal,0.721757608432995,Marginal
CD015383_pub2_data,0.3577,Inadequate,0.4289,Inadequate
CD015387_pub2_data,0.5724,Marginal,0.486180625151292,Inadequate
CD015395_pub3_data,0.4603,Inadequate,0.430165240807184,Inadequate
CD015432_pub2_data,0.8706,Adequate,0.810206322231883,Adequate
CD015443_pub2_data,0.585,Marginal,0.492577765705866,Inadequate
CD015448_pub2_data,0.3585,Inadequate,0.4292,Inadequate
CD015462_pub2_data,0.3179,Inadequate,0.459026964395427,Inadequate
CD015476_pub2_data,0.95,Adequate,0.85,Adequate
CD015495_data,0.4586,Inadequate,0.429281551369734,Inadequate
CD015514_pub2_data,0.2183,Critical,0.309182948695698,Inadequate
CD015517_data,0.1858,Critical,0.292893722703636,Inadequate
CD015518_data,0.3673,Inadequate,0.4337,Inadequate
CD015519_pub2_data,0.1694,Critical,0.284666864851418,Inadequate
CD015520_data,0.3906,Inadequate,0.44525,Inadequate
CD015524_pub2_data,0.6138,Marginal,0.606849999716395,Marginal
CD015526_pub2_data,0.3203,Inadequate,0.360147500054441,Inadequate
CD015530_pub2_data,0.2477,Critical,0.323781838334865,Inadequate
CD015532_data,0.5813,Marginal,0.490699149500629,Inadequate
CD015536_pub2_data,0.9499,Adequate,0.849984263325258,Adequate
CD015551_pub2_data,0.2156,Critical,0.307865939134349,Inadequate
CD015573_data,0.1993,Critical,0.299574579401819,Inadequate
CD015584_pub2_data,0.9411,Adequate,0.845600901566833,Adequate
CD015588_pub2_data,0.9444,Adequate,0.84715,Adequate
CD015592_pub3_data,0.2174,Critical,0.308669962266945,Inadequate
CD015594_pub2_data,0.2085,Critical,0.304235660005216,Inadequate
CD015636_pub2_data,0.3597,Inadequate,0.4298,Inadequate
CD015673_pub2_data,0.6288,Marginal,0.614335327143673,Marginal
CD015698_pub2_data,0.195,Critical,0.297527774708413,Inadequate
CD015701_pub2_data,0.6511,Marginal,0.700553402858526,Marginal
CD015711_pub2_data,0.3693,Inadequate,0.48465712127735,Inadequate
CD015721_pub2_data,0.9139,Adequate,0.831999999914238,Adequate
CD015746_pub2_data,0.8193,Adequate,0.784624109566852,Adequate
CD015749_pub2_data,0.1798,Critical,0.289834806040559,Inadequate
CD015751_pub2_data,0.1771,Critical,0.288520773760994,Inadequate
CD015779_data,0.3165,Inadequate,0.358193053016707,Inadequate
CD015786_pub2_data,0.6622,Marginal,0.706099305797764,Marginal
CD015788_pub2_data,0.4283,Inadequate,0.414088834150595,Inadequate
CD015790_pub2_data,0.1868,Critical,0.293371556113012,Inadequate
CD015802_pub2_data,0.3757,Inadequate,0.387915330136927,Inadequate
CD015804_pub2_data,0.6282,Marginal,0.514099947865461,Marginal
CD015820_pub2_data,0.1749,Critical,0.287514544696016,Inadequate
CD015824_pub2_data,0.933,Adequate,0.841462187849458,Adequate
CD015830_pub2_data,0.2073,Critical,0.303628616210786,Inadequate
CD015849_pub2_data,0.9493,Adequate,0.849699999999996,Adequate
CD015854_data,0.3583,Inadequate,0.479132063066123,Inadequate
CD015855_data,0.4445,Inadequate,0.422244153467115,Inadequate
CD015875_data,0.2268,Critical,0.313470783571697,Inadequate
CD015877_data,0.2482,Critical,0.324078320676211,Inadequate
CD015894_pub2_data,0.1697,Critical,0.284816864851418,Inadequate
CD015932_pub2_data,0.9423,Adequate,0.846207484868525,Adequate
CD015968_data,0.6324,Marginal,0.51619986706939,Marginal
CD016001_data,0.1749,Critical,0.287480786974041,Inadequate
CD016002_data,0.186,Critical,0.293071556113012,Inadequate
CD016031_data,0.8086,Adequate,0.779237433689426,Adequate
CD016058_pub2_data,0.8531,Adequate,0.801580526936657,Adequate
CD016064_data,0.1902,Critical,0.295115538527917,Inadequate
CD016119_data,0.9378,Adequate,0.843940945833272,Adequate
CD016120_data,0.351,Inadequate,0.375376014777278,Inadequate
CD016131_data,0.8648,Adequate,0.807450641107069,Adequate
CD016136_data,0.3855,Inadequate,0.4427,Inadequate
CD016147_data,0.3451,Inadequate,0.372584506414582,Inadequate
CD016148_data,0.6126,Marginal,0.5063,Marginal
CD016168_data,0.551,Marginal,0.575467051304302,Marginal
CD016211_data,0.8421,Adequate,0.796070670596199,Adequate
CD016278_data,0.5972,Marginal,0.498649993927151,Inadequate
