dataset,outcome_type,k,total_n,I2,information_fraction,het_adj_power,z_stability_approx,sequential_status,significant,IAI_final,IAI_final_class
CD000028_pub4_data,binary,163,309371,72.9,9.151,1,0.7813,conclusive_harm,TRUE,0.934389983359694,Adequate
CD000143_pub2_data,binary,80,6010,63.8,1.802,0.999,0.8086,conclusive_harm,TRUE,0.908945339615319,Adequate
CD000219_pub5_data,binary,71,19358,61.9,3.616,0.774,0.67702,conclusive_harm,TRUE,0.868143113032867,Adequate
CD000478_pub5_data,binary,42,1838,8,1.512,0.998,0.90204,conclusive_harm,TRUE,0.917462203662046,Adequate
CD000547_pub3_data,binary,282,32149,59.8,1.984,0.999,0.81862,conclusive_benefit,TRUE,0.920915226239006,Adequate
CD001072_pub2_data,binary,3,96,81.6,0.008,0.058,0.10236,continue,FALSE,0.168586616210786,Critical
CD001155_pub3_data,binary,977,543739,31.6,32.088,1,0.9052,conclusive_harm,TRUE,0.97156,Adequate
CD001321_pub7_data,binary,155,34697,53.8,6.877,1,0.8386,conclusive_harm,TRUE,0.951578428446237,Adequate
CD001396_pub4_data,binary,387,47553,15.2,6.275,1,0.9544,conclusive_benefit,TRUE,0.986314761441042,Adequate
CD001431_pub6_data,binary,1479,403359,77.5,28.699,1,0.7675,conclusive_benefit,TRUE,0.93025,Adequate
CD001533_pub7_data,binary,217,20188,53.1,7.161,1,0.8407,conclusive_harm,TRUE,0.95220910946405,Adequate
CD001552_pub3_data,binary,78,6962,44.4,0.841,0.068,0.59482,futile,FALSE,0.51787864807095,Marginal
CD001703_pub4_data,binary,119,15418,0,1.952,1,1,conclusive_benefit,TRUE,0.97406871544622,Adequate
CD001797_pub4_data,binary,43,2231,31.8,0.274,0.779,0.71234,continue,TRUE,0.473490790978786,Inadequate
CD001837_pub4_data,binary,144,56873,40.6,11.185,1,0.8782,conclusive_benefit,TRUE,0.963459999715258,Adequate
CD001909_pub4_data,binary,133,17596,51.2,1.909,1,0.8464,conclusive_benefit,TRUE,0.925985193959441,Adequate
CD002042_pub6_data,binary,889,495372,93.9,13.234,1,0.7183,conclusive_harm,TRUE,0.915489999995272,Adequate
CD002052_pub4_data,binary,37,2014,15.6,0.362,0.781,0.71336,continue,TRUE,0.479804376259898,Inadequate
CD002112_pub2_data,binary,233,19347,48.6,4.006,0.986,0.80314,conclusive_benefit,TRUE,0.93835335978844,Adequate
CD002115_pub6_data,binary,56,4231,13.7,0.462,0.826,0.8329,continue,TRUE,0.52962274511991,Marginal
CD002122_pub3_data,binary,271,32071,71.8,4.384,0.293,0.56944,continue,FALSE,0.519552265725231,Marginal
CD002203_pub5_data,binary,167,24366,45,3.698,0.111,0.6094,futile,FALSE,0.643567157415871,Marginal
CD002243_pub5_data,binary,1084,381064,44.9,87.31,1,0.8653,conclusive_harm,TRUE,0.95959,Adequate
CD002290_pub6_data,binary,229,14502,66,3.453,1,0.802,conclusive_harm,TRUE,0.939130470046926,Adequate
CD002303_pub4_data,binary,15,3369,86.5,0.274,0.046,0.17688,continue,FALSE,0.202902790978786,Critical
CD002971_pub6_data,binary,73,16870,0,2.023,0.055,0.72148,futile,FALSE,0.646802563317571,Marginal
CD003129_pub2_data,binary,19,2365,0,0.42,0.968,0.6809,conclusive_benefit,TRUE,0.747203457031418,Marginal
CD003214_pub4_data,binary,8,1384,0,0.38,0.114,0.40918,continue,FALSE,0.289741197146185,Inadequate
CD003216_pub3_data,binary,62,10000,14.7,1.356,0.154,0.71242,futile,FALSE,0.615994587198547,Marginal
CD003218_pub3_data,binary,18,689,0,,0.031,0.44934,unknown,FALSE,0.414452,Inadequate
CD003331_pub6_data,binary,155,23319,17.4,5.488,0.995,0.92152,conclusive_harm,TRUE,0.975680721701874,Adequate
CD003333_pub4_data,binary,15,14181,64.2,0.825,0.127,0.2766,futile,FALSE,0.429706484216534,Inadequate
CD003357_pub5_data,binary,34,4970,68.4,0.612,0.968,0.59594,conclusive_benefit,TRUE,0.73701852345214,Marginal
CD003376_pub4_data,binary,276,26456,0.6,2.876,1,0.9982,conclusive_harm,TRUE,0.994873497220224,Adequate
CD003414_pub4_data,binary,135,28371,0,7.785,0.037,0.71068,futile,FALSE,0.663753744345571,Marginal
CD003429_pub5_data,continuous,23,1006,95.5,0.13,0.281,0.28036,continue,FALSE,0.261120586906169,Inadequate
CD003451_pub3_data,binary,83,2986,0,0.036,0.038,0.7114,continue,FALSE,0.349514423033014,Inadequate
CD003477_pub5_data,binary,158,6325,0,,0.302,0.78646,unknown,FALSE,0.556238,Marginal
CD003511_pub6_data,binary,48,8343,0,4.361,0.371,0.7818,continue,FALSE,0.594949464126073,Marginal
CD003519_pub5_data,binary,218,24744,63.6,11.675,1,0.8092,conclusive_benefit,TRUE,0.942759999893133,Adequate
CD003594_pub7_data,binary,171,11591,48.7,2.144,0.322,0.64378,continue,FALSE,0.528009663181337,Marginal
CD003598_pub3_data,continuous,278,31021,85.8,12.618,0.992,0.70432,conclusive_harm,TRUE,0.910095999983791,Adequate
CD003743_pub3_data,binary,35,2735,7.5,0.618,0.04,0.56992,futile,FALSE,0.485531690719865,Inadequate
CD003774_pub5_data,binary,761,95519,50.7,16.893,1,0.8479,conclusive_harm,TRUE,0.954369999999997,Adequate
CD003833_pub5_data,binary,36,1762,0,0.02,0.054,0.609,continue,FALSE,0.320493409513045,Inadequate
CD003962_pub3_data,binary,239,15018,28,1.426,0.17,0.67624,continue,FALSE,0.473569303950059,Inadequate
CD004184_pub3_data,binary,186,33132,0,1.623,0.398,0.80206,continue,FALSE,0.560639334813643,Marginal
CD004307_pub7_data,binary,157,67639,32.8,3.282,1,0.9016,conclusive_benefit,TRUE,0.968417433689426,Adequate
CD004372_pub3_data,binary,4,443,0,,0.035,0.341,unknown,FALSE,0.38255,Inadequate
CD004376_pub4_data,binary,182,18046,32.6,2.791,0.789,0.76798,conclusive_benefit,TRUE,0.893330600279555,Adequate
CD004406_pub6_data,binary,79,22944,53,4.572,0.407,0.64444,continue,FALSE,0.559224207106954,Marginal
CD004417_pub6_data,binary,122,31847,92.8,1.776,0.593,0.55336,conclusive_harm,TRUE,0.769998481256976,Adequate
CD004508_pub5_data,binary,57,7580,23.5,1.008,0.272,0.7108,continue,FALSE,0.45983998293377,Inadequate
CD004661_pub4_data,binary,470,515687,89.3,9.651,0.942,0.6442,conclusive_benefit,TRUE,0.884559993878373,Adequate
CD004667_pub6_data,binary,490,608294,91.6,17.623,0.24,0.50044,continue,FALSE,0.491131999999999,Inadequate
CD004703_pub3_data,binary,117,11363,0,0.288,0.353,0.79492,continue,FALSE,0.43523305511288,Inadequate
CD004736_pub6_data,binary,1366,1201922,85.4,16.689,1,0.7438,conclusive_harm,TRUE,0.923139999999995,Adequate
CD004762_pub3_data,binary,29,1840,0,,0.025,0.53236,unknown,FALSE,0.438458,Inadequate
CD004871_pub5_data,continuous,105,7349,77.2,4.809,1,0.7684,conclusive_harm,TRUE,0.930421743516107,Adequate
CD004904_pub4_data,binary,6,1652,0,0.286,0.03,0.3525,continue,FALSE,0.253932099737314,Inadequate
CD004925_pub4_data,binary,87,14942,61.8,0.956,0.767,0.67582,conclusive_harm,TRUE,0.763398837269505,Adequate
CD004953_pub5_data,binary,163,19729,8.6,7.729,0.546,0.79876,conclusive_harm,TRUE,0.871527714047276,Adequate
CD004992_pub4_data,binary,25,1576,28.8,0.38,0.999,0.7136,conclusive_harm,TRUE,0.758817197146185,Adequate
CD005133_pub4_data,binary,174,15225,40.1,2.321,0.176,0.64156,continue,FALSE,0.510571239901774,Marginal
CD005187_pub6_data,binary,26,26943,32,2.452,0.995,0.68602,conclusive_harm,TRUE,0.894664763469934,Adequate
CD005343_pub7_data,binary,158,35101,41.5,1.9,1,0.8755,conclusive_harm,TRUE,0.934279787019902,Adequate
CD005495_pub5_data,binary,343,44968,0,1.183,0.095,0.73888,futile,FALSE,0.599012416995313,Marginal
CD005566_pub4_data,binary,906,355856,25.9,38.613,1,0.9223,conclusive_harm,TRUE,0.97669,Adequate
CD005582_pub5_data,binary,15,1626,0,0.171,0.283,0.5031,continue,FALSE,0.330386131174525,Inadequate
CD005595_pub4_data,binary,284,36700,0,1.009,0.039,0.71188,futile,FALSE,0.565313975700787,Marginal
CD005951_pub5_data,binary,80,31859,21.3,7.493,0.198,0.70264,continue,FALSE,0.545491541561737,Marginal
CD006023_pub4_data,binary,891,160252,50.7,8.408,0.905,0.74428,conclusive_harm,TRUE,0.909033926460141,Adequate
CD006027_pub3_data,binary,86,9829,56.4,1.478,0.14,0.58354,futile,FALSE,0.585526044830416,Marginal
CD006124_pub3_data,continuous,51,5624,96.2,0.609,0.329,0.50242,continue,FALSE,0.367853800085717,Inadequate
CD006140_pub3_data,binary,106,18129,73,3.049,0.151,0.53662,futile,FALSE,0.625369079225151,Marginal
CD006182_pub3_data,binary,79,11766,39.5,3.042,0.991,0.84028,conclusive_benefit,TRUE,0.947421783456181,Adequate
CD006185_pub6_data,continuous,375,16490,47.6,24.792,1,0.8572,conclusive_benefit,TRUE,0.95716,Adequate
CD006257_pub2_data,binary,544,156748,63.3,6.32,0.279,0.5926,continue,FALSE,0.52462521230681,Marginal
CD006273_pub4_data,binary,5,433,0,,0.316,0.4288,unknown,FALSE,0.45104,Inadequate
CD006404_pub5_data,binary,383,159142,36.8,6.386,0.541,0.71332,conclusive_harm,TRUE,0.845141804335765,Adequate
CD006475_pub3_data,binary,222,51641,17.8,25.489,1,0.9466,conclusive_harm,TRUE,0.98398,Adequate
CD006515_pub2_data,binary,31,1473,0,0.387,0.464,0.66008,continue,FALSE,0.418000457196766,Inadequate
CD006536_pub5_data,binary,956,77584,0,3.421,1,1,conclusive_harm,TRUE,0.998434105722802,Adequate
CD006606_pub5_data,binary,30,8990,84.4,0.859,0.689,0.43398,conclusive_harm,TRUE,0.669536703553989,Marginal
CD006632_pub3_data,binary,122,54348,0,,0.064,0.72634,unknown,FALSE,0.502502,Marginal
CD006689_pub3_data,binary,287,121255,54.6,6.292,0.326,0.6268,continue,FALSE,0.541934936553753,Marginal
CD006712_pub3_data,binary,25,3401,0,,0.031,0.50558,unknown,FALSE,0.431324,Inadequate
CD006714_pub3_data,binary,30,2259,27.1,0.664,0.866,0.64284,conclusive_harm,TRUE,0.740361830418684,Marginal
CD006742_pub3_data,binary,17,48142,84.2,0.218,0.069,0.2122,continue,FALSE,0.213624684424556,Critical
CD006839_pub5_data,binary,16,1097,0,0.846,0.076,0.45944,futile,FALSE,0.478952598219449,Inadequate
CD006913_pub3_data,continuous,748,58833,54.6,76.51,1,0.8362,conclusive_benefit,TRUE,0.95086,Adequate
CD006919_pub5_data,binary,163,16265,1.8,2.951,0.45,0.80464,continue,FALSE,0.609931710054959,Marginal
CD006942_pub4_data,binary,33,7269,28,1.138,0.116,0.52584,futile,FALSE,0.533865059815541,Marginal
CD006982_pub5_data,binary,25,2522,0,0.379,0.216,0.57038,continue,FALSE,0.35333160973134,Inadequate
CD007024_pub3_data,binary,137,9262,1,2.618,0.842,0.87466,conclusive_benefit,TRUE,0.931131354172856,Adequate
CD007026_pub7_data,binary,56,15553,2.7,2.886,0.255,0.7699,continue,FALSE,0.569722273668708,Marginal
CD007079_pub4_data,binary,159,241016,4.4,33.457,0.887,0.87694,conclusive_harm,TRUE,0.946132,Adequate
CD007110_pub4_data,binary,63,25666,0,0.053,0.065,0.72652,continue,FALSE,0.35886381286872,Inadequate
CD007130_pub5_data,binary,137,14770,5.6,3.871,0.349,0.77758,continue,FALSE,0.589984383079053,Marginal
CD007156_pub3_data,binary,77,5474,18.5,0.517,0.98,0.88558,conclusive_harm,TRUE,0.81780970091532,Adequate
CD007310_pub3_data,binary,201,30689,72.2,3.696,0.194,0.54928,continue,FALSE,0.497977555213471,Inadequate
CD007374_pub3_data,binary,96,10265,24.1,0.811,0.27,0.70864,continue,FALSE,0.439413872633461,Inadequate
CD007388_pub3_data,binary,114,25422,0,5.126,0.339,0.79276,continue,FALSE,0.593625866280696,Marginal
CD007491_pub3_data,binary,20,4950,0,,0.054,0.48136,unknown,FALSE,0.427508,Inadequate
CD007569_pub4_data,binary,26,2152,0,0.564,0.159,0.56572,futile,FALSE,0.497533662817148,Inadequate
CD007572_pub4_data,binary,71,16969,35,11.759,1,0.895,conclusive_harm,TRUE,0.96849999990966,Adequate
CD007639_pub3_data,continuous,103,8139,95.5,1.04,0.715,0.56518,conclusive_benefit,TRUE,0.730801868031116,Marginal
CD007674_pub3_data,binary,334,21335,39.4,3.221,1,0.8818,conclusive_benefit,TRUE,0.962212921189512,Adequate
CD007784_pub3_data,binary,934,591755,24.9,81.359,1,0.9253,conclusive_harm,TRUE,0.97759,Adequate
CD007809_pub3_data,continuous,78,8832,23.4,19.387,0.994,0.89866,conclusive_benefit,TRUE,0.968698,Adequate
CD007837_pub3_data,continuous,44,1981,94,0.338,0.081,0.40348,continue,FALSE,0.280224713501592,Inadequate
CD007859_pub5_data,binary,165,9645,0,0.141,0.154,0.75652,continue,FALSE,0.385481791137404,Inadequate
CD007872_pub4_data,binary,40,309184,73.9,9.213,0.05,0.41744,futile,FALSE,0.577731985300289,Marginal
CD007895_pub3_data,binary,15,2662,0,0.014,0.046,0.4368,continue,FALSE,0.267374845862862,Inadequate
CD007896_pub4_data,binary,1526,295806,0,2.291,1,1,conclusive_benefit,TRUE,0.985938821490509,Adequate
CD008063_pub3_data,binary,179,31282,0,,0.03,0.70432,unknown,FALSE,0.490796,Inadequate
CD008145_pub4_data,binary,85,128504,0,,0.052,0.71986,unknown,FALSE,0.498758,Inadequate
CD008165_pub5_data,binary,47,12217,78.8,1.406,0.89,0.6307,conclusive_harm,TRUE,0.811217105669991,Adequate
CD008176_pub3_data,binary,891,165889,13.2,14.976,0.923,0.86362,conclusive_harm,TRUE,0.947535999999855,Adequate
CD008237_pub4_data,binary,25,2143,59.7,0.71,0.78,0.48482,conclusive_benefit,TRUE,0.684232518733037,Marginal
CD008309_pub3_data,binary,160,10451,24.1,1.54,0.845,0.80614,conclusive_harm,TRUE,0.867890796667533,Adequate
CD008349_pub5_data,binary,588,22866,0,,0.075,0.73138,unknown,FALSE,0.505664,Marginal
CD008493_pub5_data,binary,118,113844,14.8,12.37,0.375,0.75406,continue,FALSE,0.587467999973382,Marginal
CD008552_pub8_data,binary,226,52294,0,,0.286,0.78376,unknown,FALSE,0.553028,Marginal
CD008564_pub3_data,binary,281,219933,50,21.189,0.45,0.66004,continue,FALSE,0.570512,Marginal
CD008628_pub3_data,binary,68,5810,47.4,0.544,0.698,0.70654,continue,TRUE,0.478980149958827,Inadequate
CD008688_pub3_data,binary,19,3975,0,1.269,0.046,0.46868,futile,FALSE,0.51877340884683,Marginal
CD008709_pub4_data,binary,353,49183,13.6,22.173,0.989,0.91414,conclusive_harm,TRUE,0.972592,Adequate
CD008771_pub3_data,binary,42,2770,0,0.04,0.067,0.66366,continue,FALSE,0.339720313263816,Inadequate
CD008858_pub5_data,binary,157,1252708,99,0.657,1,0.703,conclusive_benefit,TRUE,0.777884696618441,Adequate
CD008873_pub5_data,binary,58,30156,11.9,2.043,0.641,0.80362,conclusive_harm,TRUE,0.865142997532097,Adequate
CD008879_pub3_data,binary,48,4969,22.5,1.524,0.882,0.80514,conclusive_harm,TRUE,0.871920131876758,Adequate
CD008940_pub4_data,binary,189,14637,0,7.251,0.088,0.73642,futile,FALSE,0.679125256161304,Marginal
CD008973_pub3_data,binary,62,5629,65.4,0.648,1,0.8038,conclusive_benefit,TRUE,0.807325194749746,Adequate
CD008995_pub3_data,binary,5,715,24.3,0.602,0.198,0.33376,continue,FALSE,0.297004361441696,Inadequate
CD009022_pub4_data,binary,71,8453,0,0.108,0.537,0.82318,continue,TRUE,0.46126598350643,Inadequate
CD009102_pub2_data,binary,29,7324,26.4,1.444,0.493,0.56932,continue,FALSE,0.491441454081948,Inadequate
CD009235_pub4_data,binary,831,72116,0,4.355,1,1,conclusive_harm,TRUE,0.999756563841992,Adequate
CD009244_pub3_data,binary,27,6097,50.5,0.35,0.038,0.37536,continue,FALSE,0.266141003391488,Inadequate
CD009252_pub2_data,binary,96,9435,16.3,1.48,0.604,0.78454,conclusive_benefit,TRUE,0.820586361024878,Adequate
CD009298_pub3_data,binary,322,40028,0,9.602,0.969,0.92944,conclusive_harm,TRUE,0.974181993248073,Adequate
CD009362_pub4_data,binary,132,32521,60.8,1.717,1,0.8176,conclusive_harm,TRUE,0.906784759420993,Adequate
CD009417_pub3_data,binary,38,3183,11.4,0.67,0.316,0.65872,continue,FALSE,0.418163922309723,Inadequate
CD009508_pub2_data,binary,78,5827,1.8,2.45,0.941,0.90574,conclusive_benefit,TRUE,0.952441287384316,Adequate
CD009531_pub3_data,binary,135,15257,7.7,2.223,0.178,0.73906,continue,FALSE,0.537471689207257,Marginal
CD009535_pub3_data,binary,84,137360,65.2,12.96,0.125,0.553,futile,FALSE,0.629649999991821,Marginal
CD009609_pub3_data,binary,12,4004,18.4,0.698,0.967,0.56832,conclusive_harm,TRUE,0.73623181818051,Marginal
CD009679_pub3_data,binary,176,11908,7.9,1.07,0.203,0.7441,continue,FALSE,0.465668589031643,Inadequate
CD009730_pub3_data,binary,158,11621,0,0.871,0.218,0.77086,continue,FALSE,0.456129083179391,Inadequate
CD009749_pub3_data,binary,124,13554,3.6,1.968,0.997,0.97132,conclusive_benefit,TRUE,0.965728408634159,Adequate
CD009752_pub3_data,binary,80,6988,0,0.974,0.321,0.78964,continue,FALSE,0.487442585708292,Inadequate
CD009788_pub3_data,binary,32,5112,40.5,0.464,0.047,0.45148,continue,FALSE,0.29849858511459,Inadequate
CD009945_pub3_data,binary,7,410,0,0.165,0.595,0.488,continue,TRUE,0.372334835768991,Inadequate
CD010001_pub4_data,binary,243,22721,26.5,3.328,1,0.9205,conclusive_benefit,TRUE,0.974267015825658,Adequate
CD010136_pub4_data,binary,23,858,0,0.059,0.088,0.52042,continue,FALSE,0.300757863654663,Inadequate
CD010145_pub2_data,binary,138,23143,78.1,2.439,0.431,0.5728,continue,FALSE,0.530839624283252,Marginal
CD010163_pub3_data,binary,5,250,60.2,0.057,0.041,0.17248,continue,FALSE,0.18923424399628,Critical
CD010189_pub3_data,binary,44,9186,0,,0.033,0.65944,unknown,FALSE,0.477782,Inadequate
CD010216_pub9_data,binary,221,57167,51.7,5.264,0.999,0.8422,conclusive_benefit,TRUE,0.95247043777239,Adequate
CD010290_pub4_data,binary,146,23908,0.8,3.555,0.997,0.98326,conclusive_benefit,TRUE,0.993328026554503,Adequate
CD010333_pub4_data,binary,8,155,0,0.028,0.427,0.47056,continue,FALSE,0.335259814449808,Inadequate
CD010441_pub3_data,binary,32,4283,53.1,1.477,0.97,0.62728,conclusive_harm,TRUE,0.828067779680865,Adequate
CD010533_pub3_data,binary,83,50073,10.5,6.392,0.601,0.8014,conclusive_harm,TRUE,0.880565854381816,Adequate
CD010583_pub6_data,binary,65,14441,37.3,1.601,0.182,0.65128,continue,FALSE,0.481460076257628,Inadequate
CD010779_pub2_data,binary,20,988,0,,0.029,0.46396,unknown,FALSE,0.418538,Inadequate
CD010856_pub3_data,binary,81,161678,0,,0.153,0.75628,unknown,FALSE,0.524834,Marginal
CD010861_pub3_data,binary,136,20203,43.9,1.94,0.028,0.5716,futile,FALSE,0.594202225291587,Marginal
CD010966_pub4_data,binary,1241,154319,25.7,22.632,0.998,0.91852,conclusive_harm,TRUE,0.975256,Adequate
CD011039_pub2_data,binary,28,1820,34.5,0.673,0.305,0.50744,continue,FALSE,0.371399742684853,Inadequate
CD011044_pub3_data,binary,339,76238,48.9,4.524,1,0.8533,conclusive_benefit,TRUE,0.955816321849346,Adequate
CD011060_pub2_data,binary,4,7432,87.3,0.027,0.102,0.11162,continue,FALSE,0.178784034576809,Critical
CD011120_pub3_data,binary,27,6927,19.4,1.098,0.548,0.5826,conclusive_benefit,TRUE,0.71674874698941,Marginal
CD011192_pub4_data,binary,22,28949,0,3.583,0.42,0.58148,continue,FALSE,0.541309007277354,Marginal
CD011197_pub3_data,continuous,117,11282,95.8,1.366,1,0.7126,conclusive_benefit,TRUE,0.848828801056769,Adequate
CD011204_pub3_data,binary,320,154200,62.4,11.675,1,0.8128,conclusive_benefit,TRUE,0.943839999893133,Adequate
CD011218_pub2_data,binary,13,3745,0,0.599,0.819,0.57626,conclusive_benefit,TRUE,0.707647572421928,Marginal
CD011305_pub3_data,binary,66,7583,0,1.8,0.61,0.83434,conclusive_harm,TRUE,0.858205677026785,Adequate
CD011330_pub2_data,binary,49,1485,0,0.014,0.209,0.761,continue,FALSE,0.389084845862862,Inadequate
CD011381_pub3_data,binary,259,211868,88.1,7.062,0.71,0.5866,conclusive_harm,TRUE,0.832478914471226,Adequate
CD011468_pub2_data,binary,10,666,19.1,0.192,0.977,0.56018,continue,TRUE,0.452755451617086,Inadequate
CD011535_pub7_data,binary,890,350571,97,7.592,1,0.709,conclusive_benefit,TRUE,0.912699623910915,Adequate
CD011575_pub3_data,binary,68,300611,41.6,5.201,0.996,0.85156,conclusive_benefit,TRUE,0.954823126462638,Adequate
CD011600_pub3_data,binary,151,500152,71.2,9.734,0.044,0.5017,futile,FALSE,0.602109994814699,Marginal
CD011624_pub3_data,continuous,15,1432,17.5,3.385,0.795,0.5346,conclusive_harm,TRUE,0.827948186386807,Adequate
CD011626_pub3_data,binary,65,2796,0,0.062,0.342,0.79318,continue,FALSE,0.420823799550901,Inadequate
CD011627_pub3_data,binary,24,1759,73.2,0.277,0.438,0.38064,continue,FALSE,0.323015586673771,Inadequate
CD011670_pub3_data,binary,31,2940,20.9,0.212,0.313,0.57368,continue,FALSE,0.358326545152847,Inadequate
CD011671_pub3_data,binary,85,16231,0,15.154,1,1,conclusive_harm,TRUE,0.999999999999898,Adequate
CD011689_pub4_data,binary,3665,3754141,88,41.124,1,0.736,conclusive_benefit,TRUE,0.9208,Adequate
CD011762_pub2_data,binary,2017,2475829,33.3,48.843,1,0.9001,conclusive_harm,TRUE,0.97003,Adequate
CD011778_pub2_data,binary,205,8142,0,,0.025,0.70042,unknown,FALSE,0.488876,Inadequate
CD011793_pub3_data,binary,115,12480,0,0.551,0.094,0.73858,futile,FALSE,0.538566334265301,Marginal
CD011800_pub2_data,binary,12,544,0,,0.16,0.45396,unknown,FALSE,0.435188,Inadequate
CD011806_pub2_data,continuous,32,2341,99.1,0.067,0.378,0.35764,continue,FALSE,0.295793046934028,Inadequate
CD011841_pub3_data,binary,113,7268,48.9,0.669,0.123,0.60142,futile,FALSE,0.511934096499584,Marginal
CD011851_pub3_data,binary,74,46677,0,0.17,0.114,0.74518,continue,FALSE,0.377606399388734,Inadequate
CD011858_pub2_data,binary,74,6083,22.3,0.435,0.11,0.6772,continue,FALSE,0.373492220181041,Inadequate
CD011866_pub3_data,binary,157,17932,47.6,4.168,0.267,0.63742,continue,FALSE,0.535922351727399,Marginal
CD011885_pub2_data,binary,173,25835,23.6,2.676,0.576,0.75832,conclusive_benefit,TRUE,0.85713005347742,Adequate
CD012067_pub3_data,binary,416,95413,72.5,2.753,0.995,0.75358,conclusive_benefit,TRUE,0.919495601222152,Adequate
CD012079_pub2_data,binary,567,79149,59.8,5.491,0.098,0.56068,futile,FALSE,0.627878872898564,Marginal
CD012152_pub4_data,binary,63,46833,33.1,7.891,0.788,0.7663,conclusive_harm,TRUE,0.898089793184542,Adequate
CD012170_pub2_data,binary,59,17475,0,,0.03,0.70504,unknown,FALSE,0.491012,Inadequate
CD012178_pub2_data,binary,24,3172,0,0.44,0.502,0.60996,continue,TRUE,0.41249025671021,Inadequate
CD012186_pub2_data,binary,202,113209,50.3,6.949,0.969,0.77842,conclusive_benefit,TRUE,0.928874639209417,Adequate
CD012214_pub3_data,binary,25,1180,4.7,0.527,0.957,0.70628,conclusive_benefit,TRUE,0.761371993066694,Adequate
CD012265_pub2_data,binary,4,222,0,0.017,0.076,0.36344,continue,FALSE,0.249995835113079,Critical
CD012268_pub2_data,binary,207,12656,0,,0.04,0.7126,unknown,FALSE,0.49478,Inadequate
CD012335_pub2_data,binary,17,7208,65.5,0.365,0.039,0.25162,continue,FALSE,0.230187450417574,Critical
CD012397_pub2_data,binary,23,44680,75.3,0.351,0.091,0.29578,continue,FALSE,0.250284361220471,Inadequate
CD012426_pub2_data,binary,23,9046,0,10.57,0.896,0.6772,conclusive_harm,TRUE,0.887559999025832,Adequate
CD012429_pub2_data,binary,105,9186,0,1.584,0.82,0.8725,conclusive_harm,TRUE,0.887306663217422,Adequate
CD012445_pub2_data,binary,46,4804,0,,0.053,0.68864,unknown,FALSE,0.489542,Inadequate
CD012503_pub3_data,binary,316,114303,41.9,29.349,0.539,0.69778,conclusive_benefit,TRUE,0.840184,Adequate
CD012532_pub2_data,binary,14,4438,0,,0.031,0.41722,unknown,FALSE,0.404816,Inadequate
CD012570_pub2_data,binary,49,23212,0,2.67,0.298,0.77786,continue,FALSE,0.576213168461521,Marginal
CD012572_pub3_data,continuous,31,4961,68.2,4.523,1,0.6434,conclusive_benefit,TRUE,0.892845974448003,Adequate
CD012586_pub2_data,binary,582,153807,27.5,24.049,0.743,0.77416,conclusive_harm,TRUE,0.893698,Adequate
CD012594_pub2_data,binary,2,268,0,0.082,0.367,0.41326,continue,FALSE,0.311533010537876,Inadequate
CD012609_pub2_data,binary,28,3689,69.9,1.065,0.756,0.47348,conclusive_harm,TRUE,0.711934861277464,Marginal
CD012623_pub2_data,binary,31,2241,0,5.844,0.999,0.848,conclusive_benefit,TRUE,0.954237596103909,Adequate
CD012635_pub2_data,binary,50,18335,0,4.076,0.384,0.79984,continue,FALSE,0.602127060974154,Marginal
CD012642_pub2_data,binary,108,3398,36.4,0.92,0.034,0.59866,futile,FALSE,0.521715023088887,Marginal
CD012693_pub3_data,binary,445,110679,43.1,21.402,0.228,0.6436,continue,FALSE,0.53228,Marginal
CD012712_pub2_data,binary,515,96832,22,19.935,1,0.934,conclusive_harm,TRUE,0.9802,Adequate
CD012718_pub2_data,binary,54,21636,97.1,0.384,0.566,0.53626,continue,TRUE,0.395944314132805,Inadequate
CD012757_pub2_data,binary,24,1886,77.1,0.602,0.325,0.35112,continue,FALSE,0.321262361441696,Inadequate
CD012850_pub2_data,binary,104,3981,14.9,0.89,0.68,0.80092,conclusive_harm,TRUE,0.781320152978557,Adequate
CD012886_pub3_data,binary,2,294,0,0.244,0.434,0.42364,continue,FALSE,0.333320516475409,Inadequate
CD012891_pub2_data,binary,48,4774,58,0.595,0.794,0.67686,conclusive_harm,TRUE,0.733736099139642,Marginal
CD012905_pub2_data,binary,101,13543,34.1,2.01,0.522,0.71854,conclusive_harm,TRUE,0.820438201824844,Adequate
CD012925_pub2_data,binary,99,301136,61.5,6.954,0.039,0.52732,futile,FALSE,0.609044652749419,Marginal
CD012942_pub2_data,binary,825,268380,67.4,29.723,1,0.7978,conclusive_benefit,TRUE,0.93934,Adequate
CD012967_pub2_data,binary,8,2572,0,0.015,0.059,0.38758,continue,FALSE,0.25460177736461,Inadequate
CD012993_pub2_data,binary,55,5073,0,1.142,0.089,0.73672,futile,FALSE,0.59347132063926,Marginal
CD012997_pub3_data,binary,12,1034,0,0.303,0.07,0.42528,continue,FALSE,0.282837989473596,Inadequate
CD013023_pub2_data,binary,53,6172,27.7,0.75,0.08,0.65032,futile,FALSE,0.527604133759629,Marginal
CD013038_pub3_data,binary,39,8232,0,0.136,0.041,0.6255,continue,FALSE,0.328968716096266,Inadequate
CD013042_pub2_data,binary,312,24448,13.3,4.132,0.878,0.84772,conclusive_benefit,TRUE,0.935636000157203,Adequate
CD013051_pub3_data,binary,19,1795,26.5,2.271,1,0.6725,conclusive_benefit,TRUE,0.887156845142552,Adequate
CD013052_pub3_data,binary,44,3954,0,4.987,0.246,0.72838,continue,FALSE,0.560345163893865,Marginal
CD013053_pub3_data,binary,11,823,0,1.005,1,0.688,conclusive_benefit,TRUE,0.806899995833375,Adequate
CD013054_pub3_data,binary,54,5448,78.7,3.26,0.601,0.59686,conclusive_harm,TRUE,0.817053653990972,Adequate
CD013055_pub3_data,binary,11,1655,0,0.754,1,0.688,conclusive_benefit,TRUE,0.782284506414582,Adequate
CD013056_pub3_data,binary,21,3098,83.7,0.446,0.425,0.3231,continue,FALSE,0.315328787674369,Inadequate
CD013057_pub3_data,binary,3,377,0,0.246,0.054,0.34524,continue,FALSE,0.252919076441194,Inadequate
CD013059_pub2_data,binary,363,12889,0,0.012,0.269,0.7807,continue,FALSE,0.403909177298648,Inadequate
CD013071_pub2_data,binary,201,47104,0,0.627,0.065,0.72676,futile,FALSE,0.537116700951636,Marginal
CD013078_pub2_data,binary,24,643,0,0.056,0.081,0.52566,continue,FALSE,0.301142535276992,Inadequate
CD013105_pub2_data,binary,86,9141,21.2,1.724,0.067,0.66418,futile,FALSE,0.616242088238186,Marginal
CD013111_pub2_data,binary,21,1381,0,0.412,0.734,0.6231,continue,TRUE,0.449184433788429,Inadequate
CD013158_pub2_data,binary,13,2698,15.9,0.737,0.17,0.41678,continue,FALSE,0.329824061346148,Inadequate
CD013166_pub3_data,binary,124,8420,0,0.227,0.24,0.77524,continue,FALSE,0.408704948695698,Inadequate
CD013197_pub2_data,binary,197,22294,19.9,1.947,0.207,0.70894,continue,FALSE,0.52257418713128,Marginal
CD013232_pub2_data,binary,1540,98432,12.5,12.129,1,0.9625,conclusive_benefit,TRUE,0.988749999956897,Adequate
CD013255_pub2_data,binary,141,19364,81.1,2.036,1,0.7567,conclusive_benefit,TRUE,0.904640358420452,Adequate
CD013278_pub3_data,binary,223,37008,65.1,2.868,0.371,0.6025,continue,FALSE,0.536741246099147,Marginal
CD013284_pub2_data,binary,111,14964,0,0.419,0.146,0.75448,continue,FALSE,0.400904812939327,Inadequate
CD013294_pub2_data,binary,77,2958,0,0.04,0.072,0.72994,continue,FALSE,0.360354313263816,Inadequate
CD013295_pub2_data,binary,916,81270,3.6,4.559,1,0.9892,conclusive_harm,TRUE,0.996598054058061,Adequate
CD013303_pub2_data,binary,132,27456,26.1,3.112,0.806,0.79108,conclusive_benefit,TRUE,0.905338253758895,Adequate
CD013329_pub2_data,binary,11,2040,0,,0.032,0.39478,unknown,FALSE,0.398234,Inadequate
CD013331_pub2_data,binary,40,1294,11.6,0.271,0.186,0.64916,continue,FALSE,0.365402682121615,Inadequate
CD013332_pub2_data,binary,67,27169,22.7,1.432,0.985,0.8803,conclusive_harm,TRUE,0.902539138190362,Adequate
CD013342_pub2_data,binary,224,12349,0,0.928,0.642,0.83944,conclusive_benefit,TRUE,0.790944415855118,Adequate
CD013344_pub2_data,binary,97,13019,48,1.533,0.722,0.709,conclusive_harm,TRUE,0.819767096494129,Adequate
CD013353_pub2_data,binary,29,1204,0,,0.025,0.532,unknown,FALSE,0.43835,Inadequate
CD013355_pub2_data,binary,21,5543,27.2,0.499,0.069,0.41502,continue,FALSE,0.293565675853205,Inadequate
CD013358_pub2_data,binary,335,22647,0,0.423,0.058,0.72328,continue,FALSE,0.37863584506246,Inadequate
CD013366_pub2_data,binary,140,26903,15.1,3.45,1,0.9547,conclusive_harm,TRUE,0.984931691731144,Adequate
CD013377_pub2_data,binary,28,5694,63.8,0.35,0.247,0.40916,continue,FALSE,0.307631003391488,Inadequate
CD013396_pub2_data,binary,129,69798,15.2,16.263,0.971,0.88612,conclusive_harm,TRUE,0.961485999999989,Adequate
CD013408_pub2_data,binary,54,42154,47,3.793,0.845,0.73738,conclusive_harm,TRUE,0.89721680241014,Adequate
CD013414_pub2_data,binary,70,66708,78.2,1.726,0.985,0.71338,conclusive_benefit,TRUE,0.873825209021215,Adequate
CD013421_pub2_data,binary,102,12119,77.8,1.163,0.29,0.55108,continue,FALSE,0.429981159625198,Inadequate
CD013425_pub2_data,binary,285,66789,86.7,2.974,0.066,0.46726,futile,FALSE,0.591292386837264,Marginal
CD013429_pub2_data,binary,107,6447,40.1,0.297,1,0.8797,conclusive_benefit,TRUE,0.803283145610177,Adequate
CD013445_pub2_data,binary,553,57839,59,13.845,0.478,0.63724,continue,FALSE,0.567871999998607,Marginal
CD013456_pub2_data,continuous,149,9903,83.5,4.691,1,0.7495,conclusive_harm,TRUE,0.924725606430832,Adequate
CD013462_pub3_data,binary,117,18037,29.9,1.647,0.969,0.83968,conclusive_benefit,TRUE,0.904218692226444,Adequate
CD013468_pub2_data,continuous,33,1470,84.9,0.638,0.986,0.55914,conclusive_harm,TRUE,0.730944552912539,Marginal
CD013474_pub2_data,binary,82,18489,29.1,1.903,0.131,0.66298,futile,FALSE,0.63531954856491,Marginal
CD013476_pub2_data,binary,23,597,0,0.079,0.352,0.57886,continue,FALSE,0.35882098555186,Inadequate
CD013508_pub3_data,binary,122,14661,0,0.13,0.05,0.71878,continue,FALSE,0.357996586906169,Inadequate
CD013539_pub2_data,binary,321,134921,0,82.803,0.199,0.76684,continue,FALSE,0.564902,Marginal
CD013541_pub2_data,binary,191,13389,0,1.719,0.918,0.901,conclusive_harm,TRUE,0.919628949780813,Adequate
CD013561_pub2_data,binary,24,1294,60.2,0.306,0.445,0.42072,continue,FALSE,0.33791144748313,Inadequate
CD013571_pub2_data,binary,65,11711,51.3,1.099,0.228,0.619,continue,FALSE,0.434767782997644,Inadequate
CD013590_pub2_data,binary,132,9781,5.4,0.954,0.276,0.76576,continue,FALSE,0.47153124178951,Inadequate
CD013591_pub2_data,binary,70,14433,0,,0.038,0.71134,unknown,FALSE,0.494102,Inadequate
CD013595_pub2_data,binary,66,33614,77.7,3.014,0.978,0.7051,conclusive_benefit,TRUE,0.904730345705478,Adequate
CD013613_pub2_data,binary,74,4428,0,0.778,0.035,0.70882,futile,FALSE,0.541053652630174,Marginal
CD013614_pub2_data,binary,541,183166,86,8.674,1,0.742,conclusive_benefit,TRUE,0.922599956800552,Adequate
CD013631_pub2_data,binary,116,4737,0,0.145,0.351,0.79468,continue,FALSE,0.426686743153017,Inadequate
CD013643_pub2_data,binary,49,3709,37,0.116,0.824,0.75446,continue,TRUE,0.484096244963792,Inadequate
CD013672_pub2_data,binary,61,10580,73.8,5.001,1,0.7786,conclusive_benefit,TRUE,0.933513063935059,Adequate
CD013707_pub2_data,binary,49,3098,0,0.321,0.1,0.73262,continue,FALSE,0.380699109393326,Inadequate
CD013715_pub2_data,binary,91,6063,26.9,1.523,1,0.9193,conclusive_benefit,TRUE,0.923791209987439,Adequate
CD013719_pub2_data,binary,59,9704,65.3,0.482,0.904,0.70012,continue,TRUE,0.503020506733714,Marginal
CD013726_pub2_data,continuous,37,2917,82.6,1.455,0.268,0.42866,continue,FALSE,0.416398032550456,Inadequate
CD013729_pub2_data,binary,26,6453,0,0.048,0.037,0.51844,continue,FALSE,0.29201328455378,Inadequate
CD013731_pub2_data,binary,17,1129,81.8,0.124,0.084,0.22534,continue,FALSE,0.214761023421304,Critical
CD013745_pub2_data,binary,51,49360,43.5,1.86,0.483,0.68458,continue,FALSE,0.552449767268668,Marginal
CD013748_pub2_data,binary,82,4659,15.2,2.212,0.999,0.9544,conclusive_harm,TRUE,0.969897842091538,Adequate
CD013757_pub3_data,binary,39,28557,51.2,2.451,0.976,0.6951,conclusive_harm,TRUE,0.894519043110243,Adequate
CD013758_pub2_data,binary,345,91117,0,0.8,0.233,0.77386,continue,FALSE,0.45237046797751,Inadequate
CD013763_pub3_data,continuous,284,16913,96.9,1.486,1,0.7093,conclusive_harm,TRUE,0.85789359213538,Adequate
CD013764_pub2_data,binary,28,23954,86.2,4.289,0.239,0.34046,continue,FALSE,0.442710260677819,Inadequate
CD013773_pub2_data,binary,23,13510,0,1.155,0.834,0.6598,conclusive_harm,TRUE,0.788417052226409,Adequate
CD013774_pub2_data,binary,43,24466,84.8,1.542,0.998,0.68474,conclusive_harm,TRUE,0.854572039916614,Adequate
CD013781_pub2_data,binary,449,58716,49.5,7.266,1,0.8515,conclusive_harm,TRUE,0.95544927814498,Adequate
CD013789_pub2_data,binary,385,25124,0,,0.373,0.79822,unknown,FALSE,0.570416,Marginal
CD013800_pub2_data,binary,140,1288423,98,13.779,0.875,0.59266,conclusive_harm,TRUE,0.85904799999841,Adequate
CD013801_pub2_data,binary,29,1677,25.7,0.082,0.381,0.55438,continue,FALSE,0.355969010537876,Inadequate
CD013810_pub2_data,binary,34,10977,0,,0.03,0.5765,unknown,FALSE,0.45245,Inadequate
CD013816_pub2_data,continuous,5,1777,93.6,0.325,0.08,0.0925,continue,FALSE,0.185924074360189,Critical
CD013821_pub2_data,binary,90,93133,87.1,2.477,0.097,0.47836,futile,FALSE,0.593148439894996,Marginal
CD013822_pub2_data,binary,90,58439,80.7,5.128,0.99,0.71458,conclusive_benefit,TRUE,0.912822074345025,Adequate
CD013823_pub2_data,binary,26,3183,51.5,0.451,0.212,0.42322,continue,FALSE,0.313788964339538,Inadequate
CD013827_pub2_data,binary,145,36461,5.9,4.419,0.181,0.74512,continue,FALSE,0.555471780546284,Marginal
CD013830_pub2_data,binary,150,53499,41.3,10.712,1,0.8761,conclusive_harm,TRUE,0.962829999266679,Adequate
CD013834_pub2_data,binary,86,3086,0,,0.063,0.7258,unknown,FALSE,0.50219,Marginal
CD013844_pub2_data,binary,100,60325,61,1.625,0.451,0.62722,continue,FALSE,0.516275972234938,Marginal
CD013853_pub2_data,binary,47,1807,0,0.116,0.028,0.67936,continue,FALSE,0.342166244963792,Inadequate
CD013857_pub2_data,binary,3,150,0,0.107,0.089,0.36066,continue,FALSE,0.255260767133542,Inadequate
CD013874_pub3_data,binary,117,75335,50.7,1.396,0.922,0.75052,conclusive_harm,TRUE,0.851108121591754,Adequate
CD013875_pub2_data,binary,80,7358,28.8,1.366,1,0.9136,conclusive_benefit,TRUE,0.909128801056769,Adequate
CD014040_pub2_data,binary,48,14774,54.4,8.77,0.998,0.81264,conclusive_benefit,TRUE,0.943491964347198,Adequate
CD014089_data,binary,9,402,46.4,0.08,0.309,0.32046,continue,FALSE,0.274898258515092,Inadequate
CD014145_pub2_data,binary,24,737,1.2,0.187,0.211,0.55776,continue,FALSE,0.336853811641738,Inadequate
CD014160_pub2_data,binary,6,408,0,,0.028,0.35118,unknown,FALSE,0.384554,Inadequate
CD014300_pub2_data,binary,34,19066,55.5,0.707,0.105,0.44804,futile,FALSE,0.466672633087284,Inadequate
CD014428_pub2_data,binary,42,2743,0,,0.039,0.64782,unknown,FALSE,0.475196,Inadequate
CD014497_pub2_data,binary,2,142,38,0.044,0.828,0.37648,continue,TRUE,0.367895265848364,Inadequate
CD014541_pub2_data,binary,94,557115,73.8,2.624,0.118,0.52504,futile,FALSE,0.61273223578692,Marginal
CD014544_pub2_data,binary,121,6891,40.2,0.697,0.946,0.79354,conclusive_benefit,TRUE,0.800556438210818,Adequate
CD014573_data,binary,12,1314910,0,,0.025,0.39612,unknown,FALSE,0.397586,Inadequate
CD014574_pub2_data,binary,35,1696,38.4,1.509,0.042,0.47878,futile,FALSE,0.541850568135233,Marginal
CD014580_pub2_data,binary,33,6122,83.8,0.311,0.03,0.3174,continue,FALSE,0.244986080119772,Critical
CD014585_pub2_data,binary,101,62799,86.7,3.651,1,0.7399,conclusive_harm,TRUE,0.920978614567064,Adequate
CD014594_pub2_data,binary,105,54379,76.5,2.479,0.222,0.54214,continue,FALSE,0.491070046338025,Inadequate
CD014617_pub3_data,binary,12,3080,18.8,2.244,0.081,0.37326,futile,FALSE,0.553787256398078,Marginal
CD014623_pub2_data,binary,5,195,0,0.105,0.126,0.3889,continue,FALSE,0.269184544696016,Inadequate
CD014624_pub2_data,binary,201,19945,7,8.293,1,0.979,conclusive_benefit,TRUE,0.993699907442742,Adequate
CD014666_pub2_data,binary,130,25180,4.1,0.741,0.224,0.7597,continue,FALSE,0.441174003875546,Inadequate
CD014678_pub2_data,binary,223,741544,64.9,6.418,0.507,0.62404,conclusive_benefit,TRUE,0.813258064440853,Adequate
CD014687_pub2_data,binary,38,2648,18.9,0.273,0.81,0.71752,continue,TRUE,0.479633345069993,Inadequate
CD014688_pub2_data,binary,13,2499,0,,0.079,0.43688,unknown,FALSE,0.417914,Inadequate
CD014713_pub2_data,binary,15,11421,47,3.533,0.036,0.28872,futile,FALSE,0.535762387258354,Marginal
CD014722_pub2_data,continuous,332,60444,93.4,11.358,1,0.7198,conclusive_harm,TRUE,0.915939999798542,Adequate
CD014736_pub2_data,binary,28,1463,4,0.141,0.065,0.53876,continue,FALSE,0.306803791137404,Inadequate
CD014741_pub2_data,binary,212,120056,10.2,8.203,0.186,0.73336,continue,FALSE,0.552907889188854,Marginal
CD014755_pub2_data,binary,10,813,0,0.195,0.032,0.3866,continue,FALSE,0.259097722715092,Inadequate
CD014758_pub3_data,binary,274,49458,0,,0.157,0.7573,unknown,FALSE,0.52574,Marginal
CD014762_pub2_data,binary,30,7370,89.3,0.658,0.063,0.29784,futile,FALSE,0.410875825912465,Inadequate
CD014763_pub2_data,binary,68,4933,39.5,0.715,0.948,0.7969,conclusive_harm,TRUE,0.803517364970232,Adequate
CD014769_pub2_data,binary,345,1790948,41.4,51.662,0.992,0.83734,conclusive_harm,TRUE,0.950002,Adequate
CD014785_pub2_data,binary,8,2846,16.8,0.346,0.027,0.31582,continue,FALSE,0.246360341787478,Critical
CD014792_pub2_data,binary,68,8459,4.8,1.17,0.095,0.7246,futile,FALSE,0.593468104587081,Marginal
CD014802_pub2_data,binary,19,4380,43.4,1.334,0.071,0.35138,futile,FALSE,0.493275036238683,Inadequate
CD014803_pub2_data,binary,14,540,0,0.18,0.026,0.41254,continue,FALSE,0.265155012516139,Inadequate
CD014811_pub2_data,binary,33,3824,0,0.736,0.03,0.5685,futile,FALSE,0.494246695391056,Inadequate
CD014820_pub2_data,binary,687,166243,0,23.912,0.854,0.88096,conclusive_harm,TRUE,0.942388,Adequate
CD014833_pub2_data,binary,30,4424,33.2,1.737,0.753,0.5991,conclusive_benefit,TRUE,0.805412921027366,Adequate
CD014844_pub2_data,binary,40,45751,27.9,1.359,0.868,0.7208,conclusive_harm,TRUE,0.830873290297975,Adequate
CD014845_pub2_data,binary,184,85750,0,,0.771,0.86206,unknown,TRUE,0.649268,Marginal
CD014852_pub2_data,binary,202,69641,0,11.047,0.7,0.8491,conclusive_harm,TRUE,0.909729999624753,Adequate
CD014855_pub2_data,binary,72,7048,40.9,0.468,0.831,0.75238,continue,TRUE,0.506673158370731,Marginal
CD014861_pub2_data,binary,42,2449,0,0.465,0.744,0.79302,continue,TRUE,0.505586616834505,Marginal
CD014869_pub2_data,binary,34,5730,0,10.373,0.057,0.5948,futile,FALSE,0.631989998555407,Marginal
CD014871_pub2_data,binary,99,2669,0,,0.036,0.71002,unknown,FALSE,0.493406,Inadequate
CD014872_pub2_data,binary,335,84632,47.7,5.199,1,0.8569,conclusive_benefit,TRUE,0.957024946649536,Adequate
CD014889_pub2_data,binary,26,1674,0,0.808,1,0.808,conclusive_harm,TRUE,0.823432501821977,Adequate
CD014891_pub2_data,binary,25,1470,0,0.46,0.09,0.53708,continue,FALSE,0.330325203332468,Inadequate
CD014914_pub2_data,binary,122,18522,63.9,3.425,0.996,0.78424,conclusive_benefit,TRUE,0.933118485984397,Adequate
CD014920_pub2_data,binary,9,3978,79.3,0.116,0.617,0.26946,continue,TRUE,0.307546244963792,Inadequate
CD014923_pub2_data,binary,27,1137,20.2,0.057,0.984,0.70158,continue,TRUE,0.48941424399628,Inadequate
CD014932_pub2_data,binary,53,8338,0,,0.027,0.70156,unknown,FALSE,0.489518,Inadequate
CD014935_pub2_data,binary,29,1259,42.7,0.168,0.039,0.4156,continue,FALSE,0.267375155005165,Inadequate
CD014937_pub2_data,binary,652,99041,50.9,12.892,1,0.8473,conclusive_harm,TRUE,0.954189999990629,Adequate
CD014941_pub2_data,binary,60,15195,62.5,2.056,1,0.8125,conclusive_benefit,TRUE,0.92216281116904,Adequate
CD014944_pub2_data,binary,18,2239,65.1,0.673,0.056,0.27114,futile,FALSE,0.403159742684853,Inadequate
CD014959_pub2_data,binary,62,31048,92.6,0.364,0.39,0.52312,continue,FALSE,0.364219015461823,Inadequate
CD014960_pub2_data,binary,17,2415,0,0.102,0.11,0.4801,continue,FALSE,0.293997736033407,Inadequate
CD014964_pub2_data,binary,522,56207,65.6,12.366,1,0.8032,conclusive_benefit,TRUE,0.940959999973168,Adequate
CD014965_pub2_data,binary,177,13007,7.2,0.737,1,0.9784,conclusive_benefit,TRUE,0.867810061346148,Adequate
CD014966_pub2_data,binary,105,643669,92.9,15.175,0.7,0.5704,conclusive_harm,TRUE,0.826119999999903,Adequate
CD014967_pub2_data,binary,105,8773,57.3,1.425,0.027,0.5302,futile,FALSE,0.548223428494795,Marginal
CD014999_pub2_data,binary,21,3486,0,0.469,0.852,0.6483,continue,TRUE,0.478675487530013,Inadequate
CD015003_pub2_data,binary,26,3226,48.7,0.48,0.121,0.40924,continue,FALSE,0.29815199878315,Inadequate
CD015014_pub2_data,binary,293,79059,16.1,11.416,0.734,0.80674,conclusive_harm,TRUE,0.902121999820606,Adequate
CD015033_pub2_data,binary,154,11889,25.8,2.477,0.802,0.79108,conclusive_harm,TRUE,0.897714439894996,Adequate
CD015038_pub2_data,binary,81,28228,63.4,2.765,0.629,0.64714,conclusive_harm,TRUE,0.832797882461981,Adequate
CD015040_pub2_data,binary,46,1941,0,,0.104,0.71012,unknown,FALSE,0.503636,Marginal
CD015042_pub2_data,binary,12,1818,49,1.797,0.135,0.30036,futile,FALSE,0.521593626204842,Marginal
CD015046_pub2_data,binary,14,563,0,0.141,0.249,0.48892,continue,FALSE,0.319451791137404,Inadequate
CD015060_pub2_data,binary,27,1415,41.5,0.16,0.052,0.41172,continue,FALSE,0.267735093777091,Inadequate
CD015064_pub2_data,binary,14,8382,67.3,0.62,0.681,0.35596,continue,TRUE,0.377667253242195,Inadequate
CD015066_pub2_data,binary,8,1251,40.8,0.122,0.71,0.39238,continue,TRUE,0.35867240393379,Inadequate
CD015083_pub2_data,binary,1589,755281,0,,0.117,0.74632,unknown,FALSE,0.516446,Marginal
CD015084_pub2_data,binary,32,1448,1.4,0.252,0.958,0.7732,continue,TRUE,0.517264573524556,Marginal
CD015087_pub2_data,binary,78,4814,54.7,0.971,0.319,0.62524,continue,FALSE,0.437522812693278,Inadequate
CD015101_data,binary,41,2344,0,0.009,0.151,0.68368,continue,FALSE,0.356975159631218,Inadequate
CD015120_pub2_data,binary,63,59332,0,,0.443,0.80896,unknown,FALSE,0.584138,Marginal
CD015122_pub2_data,binary,80,14896,57.9,1.809,0.586,0.65698,conclusive_harm,TRUE,0.801897824129246,Adequate
CD015123_pub2_data,binary,31,24303,90.8,1.173,0.672,0.41996,conclusive_harm,TRUE,0.693917450888476,Marginal
CD015134_pub2_data,binary,32,92843,53.4,2.046,0.105,0.4381,futile,FALSE,0.570204637222592,Marginal
CD015140_pub2_data,binary,154,28541,68.3,1.658,0.183,0.55852,continue,FALSE,0.457709088192182,Inadequate
CD015145_pub2_data,binary,7,488,0,0.223,0.75,0.5141,continue,TRUE,0.406631858906501,Inadequate
CD015158_pub2_data,binary,46,6559,0,0.191,0.037,0.67814,continue,FALSE,0.347088175870754,Inadequate
CD015160_pub2_data,binary,52,4614,9,0.255,0.451,0.78328,continue,FALSE,0.444418345483901,Inadequate
CD015192_pub2_data,binary,67,11757,0,0.585,0.653,0.84112,continue,TRUE,0.516015014035233,Marginal
CD015213_pub2_data,binary,253,28413,10.8,2.243,1,0.9676,conclusive_harm,TRUE,0.974910904301794,Adequate
CD015215_pub2_data,binary,150,31599,47.6,1.664,0.122,0.60484,futile,FALSE,0.602853923780244,Marginal
CD015219_pub2_data,binary,271,75396,79.2,2.421,1,0.7624,conclusive_benefit,TRUE,0.917700735270074,Adequate
CD015229_pub2_data,continuous,54,2448,91.2,0.616,1,0.7264,conclusive_harm,TRUE,0.781302381027563,Adequate
CD015252_pub2_data,binary,66,9384,57.5,3.257,0.999,0.82402,conclusive_harm,TRUE,0.944888829545104,Adequate
CD015254_pub2_data,binary,76,10958,79.4,4.19,1,0.7618,conclusive_harm,TRUE,0.928201549124524,Adequate
CD015255_pub2_data,binary,102,12252,72.2,4.842,1,0.7834,conclusive_harm,TRUE,0.934928016186563,Adequate
CD015284_pub2_data,binary,166,19608,10.3,2.557,0.651,0.80992,conclusive_benefit,TRUE,0.882119310321452,Adequate
CD015313_pub2_data,binary,3,156,0,,0.025,0.324,unknown,FALSE,0.37595,Inadequate
CD015314_pub2_data,binary,71,25624,66.3,2.517,1,0.8011,conclusive_benefit,TRUE,0.931147342519859,Adequate
CD015326_pub2_data,binary,433,196444,0,,0.062,0.72532,unknown,FALSE,0.501896,Marginal
CD015331_pub2_data,binary,984,66831,0,5.034,0.237,0.7747,continue,FALSE,0.572897337744222,Marginal
CD015332_pub2_data,binary,252,11046,0,0.903,0.263,0.77962,continue,FALSE,0.468666308369861,Inadequate
CD015350_pub2_data,binary,58,6578,0,3.081,0.171,0.7606,continue,FALSE,0.555762505639702,Marginal
CD015373_pub2_data,binary,99,3675,24.1,0.742,0.98,0.868,conclusive_benefit,TRUE,0.832157608432995,Adequate
CD015383_pub2_data,binary,22,531,0,,0.026,0.47672,unknown,FALSE,0.421916,Inadequate
CD015387_pub2_data,binary,146,34302,71.6,5.621,0.208,0.55396,continue,FALSE,0.502368625151292,Marginal
CD015395_pub3_data,binary,17,18570,90.4,0.231,0.932,0.37186,continue,TRUE,0.391723240807184,Inadequate
CD015432_pub2_data,binary,152,11026,8.8,2.218,0.842,0.8515,conclusive_harm,TRUE,0.915656322231883,Adequate
CD015443_pub2_data,binary,88,48453,79.4,3.056,0.272,0.54292,continue,FALSE,0.505453765705866,Marginal
CD015448_pub2_data,binary,46,5359,0,,0.028,0.67118,unknown,FALSE,0.480554,Inadequate
CD015462_pub2_data,binary,36,3340,0.9,0.525,0.055,0.60684,futile,FALSE,0.491078964395427,Inadequate
CD015476_pub2_data,binary,192,178615,42.4,44.187,1,0.8728,conclusive_benefit,TRUE,0.96184,Adequate
CD015495_data,binary,41,7957,0,0.305,0.896,0.82114,continue,TRUE,0.525623551369734,Marginal
CD015514_pub2_data,binary,10,1482,68.6,0.227,0.127,0.2234,continue,FALSE,0.226202948695698,Critical
CD015517_data,binary,217,21076,0,0.006,0.092,0.73792,continue,FALSE,0.364269722703636,Inadequate
CD015518_data,binary,208,18320,0,,0.058,0.72304,unknown,FALSE,0.500612,Marginal
CD015519_pub2_data,binary,39,3516,0,0.003,0.038,0.62334,continue,FALSE,0.321668864851418,Inadequate
CD015520_data,binary,104,8477,0,,0.135,0.75154,unknown,FALSE,0.520712,Marginal
CD015524_pub2_data,continuous,194,14817,73.7,11.187,0.079,0.5119,futile,FALSE,0.610419999716395,Marginal
CD015526_pub2_data,binary,8,148,11.7,0.068,0.522,0.44986,continue,TRUE,0.345105500054441,Inadequate
CD015530_pub2_data,binary,18,24450,96.9,0.233,0.222,0.22506,continue,FALSE,0.241299838334865,Critical
CD015532_data,binary,139,21334,33.3,7.184,0.238,0.67486,continue,FALSE,0.543157149500629,Marginal
CD015536_pub2_data,binary,247,29175,46.4,5.725,1,0.8608,conclusive_harm,TRUE,0.958224263325258,Adequate
CD015551_pub2_data,binary,26,28022,96.9,0.248,0.11,0.26122,continue,FALSE,0.236231939134349,Critical
CD015573_data,binary,9,584,0,0.075,0.116,0.41802,continue,FALSE,0.274980579401819,Inadequate
CD015584_pub2_data,binary,115,12566,27.9,5.156,0.971,0.8473,conclusive_benefit,TRUE,0.949790901566833,Adequate
CD015588_pub2_data,binary,383,794357,50.1,20.929,0.981,0.79228,conclusive_harm,TRUE,0.934834,Adequate
CD015592_pub3_data,binary,11,4165,74.9,0.366,0.065,0.1903,continue,FALSE,0.215759962266945,Critical
CD015594_pub2_data,binary,5,324,0,0.029,0.161,0.3982,continue,FALSE,0.273695660005216,Inadequate
CD015636_pub2_data,binary,2,12612,0,,0.032,0.32266,unknown,FALSE,0.376598,Inadequate
CD015673_pub2_data,binary,85,19721,27,5.76,0.129,0.66886,futile,FALSE,0.664993327143673,Marginal
CD015698_pub2_data,binary,10,793,0,0.06,0.107,0.4229,continue,FALSE,0.274397774708413,Inadequate
CD015701_pub2_data,binary,19,66246,81.6,1.112,0.596,0.33938,conclusive_harm,TRUE,0.652367402858526,Marginal
CD015711_pub2_data,binary,15,1396,56.2,0.852,0.029,0.25548,futile,FALSE,0.41130112127735,Inadequate
CD015721_pub2_data,binary,41,16041,0,11.785,0.88,0.81604,conclusive_benefit,TRUE,0.926811999914237,Adequate
CD015746_pub2_data,binary,89,1382064,84.8,1.368,0.996,0.72412,conclusive_harm,TRUE,0.851860109566852,Adequate
CD015749_pub2_data,binary,56,5548,0,0.091,0.046,0.71674,continue,FALSE,0.354856806040559,Inadequate
CD015751_pub2_data,binary,33,1766,0,0.016,0.06,0.58836,continue,FALSE,0.315028773760994,Inadequate
CD015779_data,binary,22,11346,86.7,0.15,0.482,0.33086,continue,FALSE,0.307451053016707,Inadequate
CD015786_pub2_data,binary,41,19902,25.3,0.529,1,0.8521,conclusive_harm,TRUE,0.811729305797764,Adequate
CD015788_pub2_data,binary,22,5139,43.7,0.861,0.486,0.4604,continue,FALSE,0.402208834150595,Inadequate
CD015790_pub2_data,binary,54,7890,0,0.099,0.067,0.72778,continue,FALSE,0.361705556113012,Inadequate
CD015802_pub2_data,binary,7,958,10.2,0.133,0.686,0.47204,continue,TRUE,0.379527330136927,Inadequate
CD015804_pub2_data,binary,60,23817,0,8.58,0.394,0.80146,continue,FALSE,0.604537947865461,Marginal
CD015820_pub2_data,binary,30,1704,0,0.105,0.026,0.5406,continue,FALSE,0.299694544696016,Inadequate
CD015824_pub2_data,binary,90,18073,23.6,3.628,0.95,0.84568,conclusive_harm,TRUE,0.945166187849458,Adequate
CD015830_pub2_data,binary,2,30,0,0.008,0.163,0.37468,continue,FALSE,0.266032616210786,Inadequate
CD015849_pub2_data,binary,283,286932,25.8,16.791,0.998,0.90886,conclusive_harm,TRUE,0.972357999999996,Adequate
CD015854_data,binary,89,3191,0.4,0.717,0.078,0.73132,futile,FALSE,0.548528063066123,Marginal
CD015855_data,binary,71,3361,16.2,1.056,0.411,0.7555,continue,FALSE,0.498894153467115,Inadequate
CD015875_data,binary,25,1540,0,0.293,0.129,0.54962,continue,FALSE,0.328356783571697,Inadequate
CD015877_data,continuous,7,235,75.8,0.163,0.25,0.2057,continue,FALSE,0.235788320676211,Critical
CD015894_pub2_data,binary,28,1964,0,0.003,0.039,0.53606,continue,FALSE,0.295634864851418,Inadequate
CD015932_pub2_data,binary,79,115456,94.1,5.228,0.975,0.6526,conclusive_harm,TRUE,0.891987484868525,Adequate
CD015968_data,continuous,45,2830,0,8.112,0.408,0.76368,continue,FALSE,0.59530386706939,Marginal
CD016001_data,binary,31,1184,0,0.073,0.036,0.55772,continue,FALSE,0.304796786974041,Inadequate
CD016002_data,binary,51,3125,0,0.099,0.065,0.72652,continue,FALSE,0.361027556113012,Inadequate
CD016031_data,binary,200,26483,11.7,3.282,0.542,0.78886,conclusive_harm,TRUE,0.865895433689426,Adequate
CD016058_pub2_data,binary,35,9615,52.3,1.606,0.983,0.66742,conclusive_benefit,TRUE,0.851806526936657,Adequate
CD016064_data,binary,573,213793,0,0.104,0.077,0.7321,continue,FALSE,0.364745538527917,Inadequate
CD016119_data,continuous,89,20608,95.4,2.733,1,0.7138,conclusive_benefit,TRUE,0.908080945833272,Adequate
CD016120_data,binary,50,42581,38.3,0.628,0.373,0.68332,continue,FALSE,0.430372014777278,Inadequate
CD016131_data,binary,70,556170,95.4,1.734,0.966,0.64066,conclusive_harm,TRUE,0.849648641107069,Adequate
CD016136_data,binary,205,31671,0,,0.118,0.74656,unknown,FALSE,0.516668,Marginal
CD016147_data,binary,32,3380,29.1,0.754,0.278,0.55096,continue,FALSE,0.387872506414582,Inadequate
CD016148_data,binary,56,49070,19.6,18.038,0.342,0.73438,continue,FALSE,0.576614,Marginal
CD016168_data,binary,45,15983,51.8,1.773,0.104,0.54672,futile,FALSE,0.589483051304302,Marginal
CD016211_data,binary,37,440573,80.6,1.78,0.872,0.53996,conclusive_harm,TRUE,0.808058670596199,Adequate
CD016278_data,binary,61,201533,33.8,9.655,0.291,0.68314,continue,FALSE,0.553591993927151,Marginal
