"dataset_name","paired_analyses","mismatch_rate","issue1","issue1_count","issue1_rate","issue2","issue2_count","issue2_rate","issue3","issue3_count","issue3_rate","issue4","issue4_count","issue4_rate","issue5","issue5_count","issue5_rate"
"CD002122_pub3_data",14,1,"sparse_events",72,0.196,"duplicate_study",5,0.014,"double_zero",4,0.011,"",0,NA,"",0,NA
"CD003598_pub3_data",13,1,"ci_mismatch",552,0.849,"sparse_events",518,0.797,"double_zero",386,0.594,"exp_sd_le0",372,0.572,"ctrl_sd_le0",372,0.572
"CD004736_pub6_data",13,1,"ci_mismatch",1171,0.857,"exp_sd_le0",1142,0.836,"ctrl_sd_le0",1142,0.836,"sparse_events",549,0.402,"duplicate_study",494,0.362
"CD011689_pub4_data",12,1,"ci_mismatch",3302,0.901,"exp_sd_le0",3085,0.842,"ctrl_sd_le0",3085,0.842,"duplicate_study",1501,0.41,"sparse_events",1465,0.4
"CD014769_pub2_data",12,1,"exp_sd_le0",345,1,"ctrl_sd_le0",345,1,"ci_mismatch",345,1,"sparse_events",66,0.191,"duplicate_study",2,0.006
"CD015014_pub2_data",11,1,"exp_sd_le0",269,0.9,"ctrl_sd_le0",269,0.9,"ci_mismatch",240,0.803,"sparse_events",130,0.435,"double_zero",102,0.341
"CD002042_pub6_data",10,1,"sparse_events",278,0.305,"double_zero",89,0.098,"all_events",8,0.009,"",0,NA,"",0,NA
"CD011535_pub7_data",10,1,"duplicate_study",659,0.67,"sparse_events",78,0.079,"exp_sd_le0",35,0.036,"ctrl_sd_le0",35,0.036,"ci_mismatch",34,0.035
"CD006023_pub4_data",9,1,"ci_mismatch",777,0.872,"sparse_events",655,0.735,"exp_sd_le0",545,0.612,"ctrl_sd_le0",545,0.612,"double_zero",453,0.508
"CD015849_pub2_data",9,1,"exp_sd_le0",276,0.871,"ctrl_sd_le0",276,0.871,"ci_mismatch",245,0.773,"sparse_events",233,0.735,"double_zero",170,0.536
"CD006404_pub5_data",8,1,"sparse_events",235,0.614,"duplicate_study",122,0.319,"double_zero",81,0.211,"",0,NA,"",0,NA
"CD008176_pub3_data",8,1,"ci_mismatch",861,0.966,"sparse_events",623,0.699,"duplicate_study",530,0.595,"exp_sd_le0",485,0.544,"ctrl_sd_le0",485,0.544
"CD004661_pub4_data",7,1,"exp_sd_le0",446,0.907,"ctrl_sd_le0",446,0.907,"ci_mismatch",437,0.888,"duplicate_study",378,0.768,"sparse_events",138,0.28
"CD011762_pub2_data",7,1,"exp_sd_le0",1889,0.937,"ctrl_sd_le0",1889,0.937,"ci_mismatch",1850,0.917,"duplicate_study",1629,0.808,"sparse_events",838,0.415
"CD014965_pub2_data",7,1,"ci_mismatch",143,0.808,"sparse_events",126,0.712,"exp_sd_le0",95,0.537,"ctrl_sd_le0",95,0.537,"double_zero",85,0.48
"CD002112_pub2_data",6,1,"ci_mismatch",223,0.957,"exp_sd_le0",156,0.67,"ctrl_sd_le0",155,0.665,"sparse_events",102,0.438,"double_zero",79,0.339
"CD003414_pub4_data",6,1,"ci_mismatch",135,1,"exp_sd_le0",116,0.859,"ctrl_sd_le0",116,0.859,"sparse_events",34,0.252,"double_zero",19,0.141
"CD003594_pub7_data",6,1,"ci_mismatch",167,0.977,"exp_sd_le0",150,0.877,"ctrl_sd_le0",150,0.877,"sparse_events",67,0.392,"double_zero",25,0.146
"CD003962_pub3_data",6,1,"ci_mismatch",230,0.962,"sparse_events",188,0.787,"double_zero",162,0.678,"exp_sd_le0",84,0.351,"ctrl_sd_le0",84,0.351
"CD006475_pub3_data",6,1,"exp_sd_le0",222,1,"ctrl_sd_le0",222,1,"ci_mismatch",222,1,"duplicate_study",25,0.113,"sparse_events",18,0.081
"CD010966_pub4_data",6,1,"ci_mismatch",1104,0.887,"duplicate_study",1057,0.85,"exp_sd_le0",1028,0.826,"ctrl_sd_le0",1028,0.826,"sparse_events",877,0.705
"CD013781_pub2_data",6,1,"ci_mismatch",407,0.906,"exp_sd_le0",298,0.664,"ctrl_sd_le0",298,0.664,"sparse_events",258,0.575,"double_zero",193,0.43
"CD014937_pub2_data",6,1,"exp_sd_le0",633,0.971,"ctrl_sd_le0",633,0.971,"ci_mismatch",536,0.822,"sparse_events",238,0.365,"double_zero",133,0.204
"CD015215_pub2_data",6,1,"ci_mismatch",183,0.859,"sparse_events",160,0.751,"double_zero",146,0.685,"exp_sd_le0",131,0.615,"ctrl_sd_le0",131,0.615
"CD016031_data",6,1,"sparse_events",140,0.556,"ci_mismatch",118,0.468,"exp_sd_le0",106,0.421,"ctrl_sd_le0",106,0.421,"double_zero",78,0.31
"CD004953_pub5_data",5,1,"ctrl_sd_le0",152,0.933,"exp_sd_le0",150,0.92,"ci_mismatch",135,0.828,"sparse_events",75,0.46,"double_zero",39,0.239
"CD006257_pub2_data",5,1,"exp_sd_le0",530,0.974,"ctrl_sd_le0",530,0.974,"ci_mismatch",375,0.689,"sparse_events",283,0.52,"duplicate_study",199,0.366
"CD006689_pub3_data",5,1,"exp_sd_le0",269,0.912,"ctrl_sd_le0",269,0.912,"ci_mismatch",260,0.881,"sparse_events",115,0.39,"duplicate_study",73,0.247
"CD011575_pub3_data",5,1,"ci_mismatch",68,1,"exp_sd_le0",60,0.882,"ctrl_sd_le0",60,0.882,"double_zero",8,0.118,"sparse_events",8,0.118
"CD012067_pub3_data",5,1,"ci_mismatch",385,0.925,"sparse_events",264,0.635,"exp_sd_le0",213,0.512,"ctrl_sd_le0",213,0.512,"double_zero",206,0.495
"CD012503_pub3_data",5,1,"exp_sd_le0",259,0.82,"ctrl_sd_le0",259,0.82,"ci_mismatch",251,0.794,"duplicate_study",214,0.677,"sparse_events",133,0.421
"CD012905_pub2_data",5,1,"ci_mismatch",95,0.941,"exp_sd_le0",74,0.733,"ctrl_sd_le0",74,0.733,"sparse_events",52,0.515,"double_zero",33,0.327
"CD013614_pub2_data",5,1,"ci_mismatch",533,0.985,"exp_sd_le0",331,0.612,"ctrl_sd_le0",331,0.612,"sparse_events",242,0.447,"double_zero",214,0.396
"CD013800_pub2_data",5,1,"ci_mismatch",139,0.993,"exp_sd_le0",129,0.921,"ctrl_sd_le0",129,0.921,"sparse_events",18,0.129,"double_zero",11,0.079
"CD014820_pub2_data",5,1,"ci_mismatch",558,0.812,"exp_sd_le0",557,0.811,"ctrl_sd_le0",557,0.811,"duplicate_study",534,0.777,"sparse_events",388,0.565
"CD014844_pub2_data",5,1,"exp_sd_le0",40,1,"ctrl_sd_le0",40,1,"ci_mismatch",38,0.95,"sparse_events",11,0.275,"double_zero",2,0.05
"CD015331_pub2_data",5,1,"ci_mismatch",977,0.993,"sparse_events",855,0.869,"double_zero",804,0.817,"duplicate_study",301,0.306,"exp_sd_le0",187,0.19
"CD015588_pub2_data",5,1,"exp_sd_le0",426,0.966,"ctrl_sd_le0",426,0.966,"ci_mismatch",378,0.857,"sparse_events",288,0.653,"double_zero",252,0.571
"CD015746_pub2_data",5,1,"exp_sd_le0",89,1,"ctrl_sd_le0",89,1,"ci_mismatch",89,1,"duplicate_study",42,0.472,"sparse_events",40,0.449
"CD016168_data",5,1,"exp_sd_le0",40,0.889,"ctrl_sd_le0",40,0.889,"ci_mismatch",40,0.889,"sparse_events",26,0.578,"double_zero",10,0.222
"CD005133_pub4_data",4,1,"exp_sd_le0",174,1,"ctrl_sd_le0",174,1,"ci_mismatch",167,0.96,"duplicate_study",77,0.443,"sparse_events",71,0.408
"CD006606_pub5_data",4,1,"exp_sd_le0",30,1,"ctrl_sd_le0",30,1,"ci_mismatch",30,1,"sparse_events",4,0.133,"",0,NA
"CD007026_pub7_data",4,1,"exp_sd_le0",56,1,"ctrl_sd_le0",56,1,"ci_mismatch",52,0.929,"duplicate_study",25,0.446,"sparse_events",20,0.357
"CD007572_pub4_data",4,1,"ci_mismatch",67,0.944,"exp_sd_le0",63,0.887,"ctrl_sd_le0",63,0.887,"sparse_events",11,0.155,"double_zero",8,0.113
"CD008564_pub3_data",4,1,"exp_sd_le0",265,0.943,"ctrl_sd_le0",265,0.943,"ci_mismatch",265,0.943,"duplicate_study",226,0.804,"sparse_events",19,0.068
"CD008709_pub4_data",4,1,"exp_sd_le0",340,0.963,"ctrl_sd_le0",340,0.963,"ci_mismatch",322,0.912,"sparse_events",157,0.445,"double_zero",44,0.125
"CD009235_pub4_data",4,1,"sparse_events",718,0.864,"double_zero",660,0.794,"ci_mismatch",623,0.75,"exp_sd_le0",223,0.268,"ctrl_sd_le0",223,0.268
"CD009531_pub3_data",4,1,"ci_mismatch",135,0.993,"sparse_events",113,0.831,"double_zero",109,0.801,"duplicate_study",85,0.625,"exp_sd_le0",28,0.206
"CD009749_pub3_data",4,1,"exp_sd_le0",124,1,"ctrl_sd_le0",124,1,"ci_mismatch",115,0.927,"sparse_events",59,0.476,"duplicate_study",30,0.242
"CD010861_pub3_data",4,1,"sparse_events",97,0.495,"double_zero",70,0.357,"duplicate_study",19,0.097,"ci_mismatch",14,0.071,"all_events",4,0.02
"CD011858_pub2_data",4,1,"ci_mismatch",73,0.986,"sparse_events",57,0.77,"exp_sd_le0",51,0.689,"ctrl_sd_le0",51,0.689,"double_zero",24,0.324
"CD012429_pub2_data",4,1,"ci_mismatch",102,0.971,"exp_sd_le0",84,0.8,"ctrl_sd_le0",84,0.8,"duplicate_study",74,0.705,"sparse_events",50,0.476
"CD012712_pub2_data",4,1,"exp_sd_le0",464,0.901,"ctrl_sd_le0",464,0.901,"ci_mismatch",461,0.895,"duplicate_study",276,0.536,"sparse_events",199,0.386
"CD012850_pub2_data",4,1,"ci_mismatch",104,1,"sparse_events",72,0.692,"double_zero",65,0.625,"exp_sd_le0",39,0.375,"ctrl_sd_le0",39,0.375
"CD013071_pub2_data",4,1,"sparse_events",177,0.881,"ci_mismatch",173,0.861,"double_zero",138,0.687,"exp_sd_le0",91,0.453,"ctrl_sd_le0",91,0.453
"CD013232_pub2_data",4,1,"ci_mismatch",1530,0.994,"exp_sd_le0",1298,0.843,"ctrl_sd_le0",1298,0.843,"sparse_events",875,0.568,"duplicate_study",772,0.501
"CD013278_pub3_data",4,1,"ci_mismatch",207,0.928,"exp_sd_le0",192,0.861,"ctrl_sd_le0",192,0.861,"sparse_events",84,0.377,"double_zero",47,0.211
"CD013366_pub2_data",4,1,"exp_sd_le0",131,0.936,"ctrl_sd_le0",131,0.936,"ci_mismatch",130,0.929,"sparse_events",65,0.464,"duplicate_study",55,0.393
"CD013539_pub2_data",4,1,"exp_sd_le0",321,1,"ctrl_sd_le0",321,1,"ci_mismatch",301,0.938,"sparse_events",88,0.274,"double_zero",39,0.121
"CD013715_pub2_data",4,1,"exp_sd_le0",73,0.802,"ctrl_sd_le0",73,0.802,"ci_mismatch",73,0.802,"sparse_events",45,0.495,"double_zero",30,0.33
"CD013816_pub2_data",4,1,"exp_sd_le0",85,0.944,"ctrl_sd_le0",85,0.944,"sparse_events",68,0.756,"ci_mismatch",59,0.656,"double_zero",36,0.4
"CD013830_pub2_data",4,1,"ci_mismatch",142,0.947,"exp_sd_le0",140,0.933,"ctrl_sd_le0",140,0.933,"sparse_events",50,0.333,"duplicate_study",33,0.22
"CD014741_pub2_data",4,1,"exp_sd_le0",211,0.995,"ctrl_sd_le0",211,0.995,"ci_mismatch",210,0.991,"sparse_events",163,0.769,"double_zero",106,0.5
"CD014959_pub2_data",4,1,"exp_sd_le0",62,1,"ctrl_sd_le0",62,1,"ci_mismatch",62,1,"sparse_events",10,0.161,"duplicate_study",3,0.048
"CD015255_pub2_data",4,1,"ci_mismatch",103,0.99,"exp_sd_le0",91,0.875,"ctrl_sd_le0",91,0.875,"sparse_events",17,0.163,"double_zero",15,0.144
"CD015532_data",4,1,"ci_mismatch",139,1,"exp_sd_le0",111,0.799,"ctrl_sd_le0",111,0.799,"duplicate_study",47,0.338,"sparse_events",45,0.324
"CD015824_pub2_data",4,1,"exp_sd_le0",59,0.656,"ctrl_sd_le0",59,0.656,"ci_mismatch",57,0.633,"sparse_events",44,0.489,"double_zero",32,0.356
"CD016131_data",4,1,"exp_sd_le0",70,1,"ctrl_sd_le0",70,1,"ci_mismatch",54,0.771,"sparse_events",25,0.357,"double_zero",15,0.214
"CD001797_pub4_data",3,1,"ci_mismatch",38,0.864,"sparse_events",28,0.636,"exp_sd_le0",25,0.568,"ctrl_sd_le0",25,0.568,"double_zero",22,0.5
"CD003376_pub4_data",3,1,"exp_sd_le0",276,1,"ctrl_sd_le0",276,1,"duplicate_study",198,0.717,"ci_mismatch",186,0.674,"sparse_events",166,0.601
"CD003429_pub5_data",3,1,"sparse_events",26,0.788,"double_zero",23,0.697,"ci_mismatch",19,0.576,"exp_sd_le0",10,0.303,"ctrl_sd_le0",10,0.303
"CD006182_pub3_data",3,1,"ci_mismatch",78,0.987,"exp_sd_le0",69,0.873,"ctrl_sd_le0",69,0.873,"duplicate_study",52,0.658,"sparse_events",21,0.266
"CD006536_pub5_data",3,1,"ci_mismatch",940,0.983,"sparse_events",848,0.887,"duplicate_study",646,0.676,"exp_sd_le0",532,0.556,"ctrl_sd_le0",532,0.556
"CD006913_pub3_data",3,1,"double_zero",750,0.847,"sparse_events",750,0.847,"ci_mismatch",549,0.62,"duplicate_study",351,0.397,"exp_sd_le0",136,0.154
"CD007784_pub3_data",3,1,"ci_mismatch",907,0.971,"sparse_events",724,0.775,"double_zero",654,0.7,"exp_sd_le0",302,0.323,"ctrl_sd_le0",302,0.323
"CD008309_pub3_data",3,1,"exp_sd_le0",139,0.869,"ctrl_sd_le0",139,0.869,"ci_mismatch",114,0.713,"sparse_events",94,0.588,"double_zero",67,0.419
"CD009298_pub3_data",3,1,"sparse_events",156,0.468,"double_zero",109,0.327,"all_events",2,0.006,"",0,NA,"",0,NA
"CD010145_pub2_data",3,1,"exp_sd_le0",131,0.949,"ctrl_sd_le0",131,0.949,"ci_mismatch",123,0.891,"sparse_events",44,0.319,"double_zero",19,0.138
"CD012635_pub2_data",3,1,"exp_sd_le0",52,1,"ctrl_sd_le0",52,1,"ci_mismatch",51,0.981,"sparse_events",14,0.269,"double_zero",3,0.058
"CD013408_pub2_data",3,1,"exp_sd_le0",54,1,"ctrl_sd_le0",54,1,"ci_mismatch",54,1,"duplicate_study",4,0.074,"sparse_events",3,0.056
"CD013445_pub2_data",3,1,"exp_sd_le0",480,0.868,"ctrl_sd_le0",480,0.868,"ci_mismatch",435,0.787,"sparse_events",260,0.47,"double_zero",191,0.345
"CD013844_pub2_data",3,1,"ci_mismatch",97,0.97,"sparse_events",62,0.62,"double_zero",53,0.53,"exp_sd_le0",50,0.5,"ctrl_sd_le0",50,0.5
"CD014541_pub2_data",3,1,"exp_sd_le0",94,1,"ctrl_sd_le0",94,1,"ci_mismatch",88,0.936,"duplicate_study",17,0.181,"sparse_events",14,0.149
"CD014594_pub2_data",3,1,"ci_mismatch",89,0.848,"exp_sd_le0",83,0.79,"ctrl_sd_le0",83,0.79,"duplicate_study",78,0.743,"sparse_events",67,0.638
"CD014792_pub2_data",3,1,"exp_sd_le0",63,0.926,"ctrl_sd_le0",63,0.926,"ci_mismatch",58,0.853,"sparse_events",37,0.544,"duplicate_study",13,0.191
"CD014964_pub2_data",3,1,"duplicate_study",673,0.516,"sparse_events",154,0.118,"double_zero",68,0.052,"exp_sd_le0",62,0.048,"ctrl_sd_le0",18,0.014
"CD014967_pub2_data",3,1,"exp_sd_le0",98,0.933,"ctrl_sd_le0",98,0.933,"ci_mismatch",88,0.838,"sparse_events",41,0.39,"double_zero",24,0.229
"CD015033_pub2_data",3,1,"ci_mismatch",154,1,"sparse_events",108,0.701,"double_zero",103,0.669,"exp_sd_le0",51,0.331,"ctrl_sd_le0",51,0.331
"CD015254_pub2_data",3,1,"ci_mismatch",76,1,"exp_sd_le0",68,0.895,"ctrl_sd_le0",68,0.895,"double_zero",8,0.105,"sparse_events",8,0.105
"CD015332_pub2_data",3,1,"ci_mismatch",243,0.964,"sparse_events",219,0.869,"double_zero",181,0.718,"duplicate_study",143,0.567,"ctrl_sd_le0",80,0.317
"CD015854_data",3,1,"ci_mismatch",68,0.747,"sparse_events",65,0.714,"exp_sd_le0",59,0.648,"ctrl_sd_le0",58,0.637,"double_zero",42,0.462
"CD015932_pub2_data",3,1,"ci_mismatch",54,0.509,"exp_sd_le0",45,0.425,"ctrl_sd_le0",45,0.425,"sparse_events",28,0.264,"double_zero",24,0.226
"CD000219_pub5_data",2,1,"exp_sd_le0",71,1,"ctrl_sd_le0",71,1,"ci_mismatch",69,0.972,"duplicate_study",15,0.211,"sparse_events",6,0.085
"CD000547_pub3_data",2,1,"ci_mismatch",270,0.957,"exp_sd_le0",200,0.709,"ctrl_sd_le0",200,0.709,"duplicate_study",155,0.55,"sparse_events",155,0.55
"CD001155_pub3_data",2,1,"exp_sd_le0",976,0.999,"ctrl_sd_le0",976,0.999,"duplicate_study",746,0.764,"ci_mismatch",597,0.611,"sparse_events",556,0.569
"CD001321_pub7_data",2,1,"exp_sd_le0",155,1,"ctrl_sd_le0",155,1,"ci_mismatch",149,0.961,"duplicate_study",81,0.523,"sparse_events",22,0.142
"CD001431_pub6_data",2,1,"ci_mismatch",1479,1,"sparse_events",873,0.59,"double_zero",852,0.576,"duplicate_study",725,0.49,"exp_sd_le0",627,0.424
"CD001920_pub4_data",2,1,"sparse_events",1417,0.993,"double_zero",1410,0.988,"duplicate_study",577,0.404,"ci_mismatch",261,0.183,"exp_sd_le0",23,0.016
"CD002203_pub5_data",2,1,"ci_mismatch",168,0.96,"exp_sd_le0",114,0.651,"ctrl_sd_le0",114,0.651,"sparse_events",85,0.486,"duplicate_study",72,0.411
"CD002243_pub5_data",2,1,"ci_mismatch",1061,0.979,"exp_sd_le0",981,0.905,"ctrl_sd_le0",981,0.905,"sparse_events",204,0.188,"double_zero",123,0.113
"CD003774_pub5_data",2,1,"exp_sd_le0",756,0.993,"ctrl_sd_le0",756,0.993,"ci_mismatch",697,0.916,"duplicate_study",401,0.527,"sparse_events",219,0.288
"CD005951_pub5_data",2,1,"ci_mismatch",76,0.95,"exp_sd_le0",72,0.9,"ctrl_sd_le0",72,0.9,"sparse_events",25,0.312,"double_zero",12,0.15
"CD006185_pub6_data",2,1,"ci_mismatch",754,0.777,"sparse_events",637,0.657,"exp_sd_le0",595,0.613,"ctrl_sd_le0",595,0.613,"double_zero",563,0.58
"CD006742_pub3_data",2,1,"exp_sd_le0",17,1,"ctrl_sd_le0",17,1,"ci_mismatch",12,0.706,"sparse_events",6,0.353,"double_zero",5,0.294
"CD007310_pub3_data",2,1,"ci_mismatch",200,0.995,"exp_sd_le0",173,0.861,"ctrl_sd_le0",173,0.861,"sparse_events",77,0.383,"duplicate_study",63,0.313
"CD007639_pub3_data",2,1,"ci_mismatch",123,0.932,"sparse_events",114,0.864,"double_zero",108,0.818,"duplicate_study",33,0.25,"exp_sd_le0",29,0.22
"CD008469_pub3_data",2,1,"ci_mismatch",48,0.96,"exp_sd_le0",32,0.64,"ctrl_sd_le0",32,0.64,"variance_se_mismatch",32,0.64,"sparse_events",29,0.58
"CD008493_pub5_data",2,1,"exp_sd_le0",92,0.78,"ctrl_sd_le0",92,0.78,"ci_mismatch",92,0.78,"duplicate_study",72,0.61,"sparse_events",54,0.458
"CD010290_pub4_data",2,1,"exp_sd_le0",133,0.911,"ctrl_sd_le0",133,0.911,"ci_mismatch",128,0.877,"sparse_events",71,0.486,"double_zero",31,0.212
"CD010583_pub6_data",2,1,"ci_mismatch",63,0.969,"exp_sd_le0",53,0.815,"ctrl_sd_le0",53,0.815,"sparse_events",24,0.369,"double_zero",14,0.215
"CD011670_pub3_data",2,1,"ci_mismatch",30,0.968,"exp_sd_le0",23,0.742,"ctrl_sd_le0",23,0.742,"sparse_events",19,0.613,"double_zero",9,0.29
"CD012079_pub2_data",2,1,"ci_mismatch",527,0.929,"ctrl_sd_le0",452,0.797,"exp_sd_le0",451,0.795,"sparse_events",286,0.504,"double_zero",146,0.257
"CD012152_pub4_data",2,1,"exp_sd_le0",60,0.952,"ctrl_sd_le0",60,0.952,"ci_mismatch",58,0.921,"sparse_events",14,0.222,"duplicate_study",11,0.175
"CD012586_pub2_data",2,1,"ci_mismatch",566,0.973,"exp_sd_le0",472,0.811,"ctrl_sd_le0",472,0.811,"sparse_events",175,0.301,"double_zero",124,0.213
"CD012642_pub2_data",2,1,"exp_sd_le0",101,0.935,"ctrl_sd_le0",101,0.935,"ci_mismatch",99,0.917,"duplicate_study",72,0.667,"sparse_events",51,0.472
"CD012693_pub3_data",2,1,"exp_sd_le0",417,0.865,"ctrl_sd_le0",417,0.865,"ci_mismatch",406,0.842,"sparse_events",229,0.475,"duplicate_study",164,0.34
"CD012993_pub2_data",2,1,"ci_mismatch",55,1,"sparse_events",31,0.564,"double_zero",28,0.509,"duplicate_study",27,0.491,"exp_sd_le0",27,0.491
"CD013023_pub2_data",2,1,"exp_sd_le0",53,1,"ctrl_sd_le0",53,1,"ci_mismatch",49,0.925,"duplicate_study",35,0.66,"sparse_events",26,0.491
"CD013255_pub2_data",2,1,"exp_sd_le0",141,1,"ctrl_sd_le0",141,1,"ci_mismatch",110,0.78,"sparse_events",41,0.291,"double_zero",31,0.22
"CD013377_pub2_data",2,1,"exp_sd_le0",26,0.929,"ctrl_sd_le0",26,0.929,"ci_mismatch",26,0.929,"sparse_events",16,0.571,"double_zero",14,0.5
"CD013396_pub2_data",2,1,"exp_sd_le0",125,0.969,"ctrl_sd_le0",125,0.969,"ci_mismatch",115,0.891,"sparse_events",35,0.271,"duplicate_study",19,0.147
"CD013414_pub2_data",2,1,"ci_mismatch",68,0.971,"exp_sd_le0",51,0.729,"ctrl_sd_le0",51,0.729,"sparse_events",34,0.486,"duplicate_study",26,0.371
"CD013476_pub2_data",2,1,"ci_mismatch",22,0.957,"sparse_events",20,0.87,"double_zero",17,0.739,"exp_sd_le0",7,0.304,"ctrl_sd_le0",7,0.304
"CD013541_pub2_data",2,1,"sparse_events",146,0.764,"double_zero",134,0.702,"ci_mismatch",102,0.534,"duplicate_study",80,0.419,"exp_sd_le0",62,0.325
"CD013748_pub2_data",2,1,"exp_sd_le0",82,1,"ctrl_sd_le0",82,1,"ci_mismatch",77,0.939,"duplicate_study",41,0.5,"sparse_events",23,0.28
"CD013764_pub2_data",2,1,"exp_sd_le0",28,1,"ctrl_sd_le0",28,1,"ci_mismatch",22,0.786,"sparse_events",8,0.286,"double_zero",4,0.143
"CD013875_pub2_data",2,1,"exp_sd_le0",80,1,"ctrl_sd_le0",80,1,"ci_mismatch",80,1,"sparse_events",14,0.175,"",0,NA
"CD014585_pub2_data",2,1,"exp_sd_le0",93,0.921,"ctrl_sd_le0",93,0.921,"ci_mismatch",91,0.901,"duplicate_study",23,0.228,"sparse_events",11,0.109
"CD014624_pub2_data",2,1,"exp_sd_le0",305,1,"ctrl_sd_le0",305,1,"ci_mismatch",188,0.616,"sparse_events",154,0.505,"duplicate_study",131,0.43
"CD014678_pub2_data",2,1,"exp_sd_le0",223,1,"ctrl_sd_le0",223,1,"ci_mismatch",220,0.987,"duplicate_study",182,0.816,"sparse_events",34,0.152
"CD014855_pub2_data",2,1,"ci_mismatch",58,0.806,"exp_sd_le0",57,0.792,"ctrl_sd_le0",57,0.792,"sparse_events",34,0.472,"double_zero",24,0.333
"CD014941_pub2_data",2,1,"exp_sd_le0",60,1,"ctrl_sd_le0",60,1,"ci_mismatch",60,1,"duplicate_study",18,0.3,"",0,NA
"CD015087_pub2_data",2,1,"sparse_events",34,0.301,"double_zero",14,0.124,"duplicate_study",12,0.106,"all_events",2,0.018,"",0,NA
"CD015160_pub2_data",2,1,"exp_sd_le0",52,1,"ctrl_sd_le0",52,1,"sparse_events",38,0.731,"double_zero",34,0.654,"duplicate_study",18,0.346
"CD015213_pub2_data",2,1,"ci_mismatch",239,0.945,"exp_sd_le0",168,0.664,"ctrl_sd_le0",168,0.664,"sparse_events",155,0.613,"double_zero",95,0.375
"CD015219_pub2_data",2,1,"ci_mismatch",289,1,"exp_sd_le0",285,0.986,"ctrl_sd_le0",285,0.986,"duplicate_study",108,0.374,"sparse_events",96,0.332
"CD015373_pub2_data",2,1,"sparse_events",52,0.295,"duplicate_study",10,0.057,"double_zero",9,0.051,"exp_sd_le0",2,0.011,"ctrl_sd_le0",2,0.011
"CD015387_pub2_data",2,1,"duplicate_study",35,0.232,"sparse_events",26,0.172,"double_zero",9,0.06,"",0,NA,"",0,NA
"CD015476_pub2_data",2,1,"ci_mismatch",185,0.964,"exp_sd_le0",136,0.708,"ctrl_sd_le0",136,0.708,"sparse_events",58,0.302,"double_zero",56,0.292
"CD015514_pub2_data",2,1,"exp_sd_le0",13,0.867,"ctrl_sd_le0",13,0.867,"ci_mismatch",10,0.667,"double_zero",7,0.467,"sparse_events",7,0.467
"CD015530_pub2_data",2,1,"exp_sd_le0",18,1,"ctrl_sd_le0",18,1,"ci_mismatch",18,1,"sparse_events",1,0.056,"",0,NA
"CD015536_pub2_data",2,1,"exp_sd_le0",247,1,"ctrl_sd_le0",247,1,"ci_mismatch",153,0.619,"sparse_events",106,0.429,"double_zero",84,0.34
"CD015584_pub2_data",2,1,"exp_sd_le0",90,0.783,"ctrl_sd_le0",90,0.783,"ci_mismatch",78,0.678,"sparse_events",59,0.513,"double_zero",41,0.357
"CD015673_pub2_data",2,1,"ci_mismatch",77,0.906,"exp_sd_le0",56,0.659,"ctrl_sd_le0",56,0.659,"sparse_events",40,0.471,"double_zero",34,0.4
"CD015711_pub2_data",2,1,"ci_mismatch",12,0.8,"exp_sd_le0",11,0.733,"ctrl_sd_le0",11,0.733,"sparse_events",5,0.333,"double_zero",4,0.267
"CD015721_pub2_data",2,1,"exp_sd_le0",41,1,"ctrl_sd_le0",41,1,"ci_mismatch",40,0.976,"sparse_events",1,0.024,"",0,NA
"CD015855_data",2,1,"ci_mismatch",45,0.634,"sparse_events",44,0.62,"exp_sd_le0",37,0.521,"ctrl_sd_le0",37,0.521,"double_zero",35,0.493
"CD016119_data",2,1,"sparse_events",102,0.675,"double_zero",92,0.609,"ci_mismatch",66,0.437,"exp_sd_le0",62,0.411,"ctrl_sd_le0",62,0.411
"CD016211_data",2,1,"ci_mismatch",33,0.532,"exp_n_le0",25,0.403,"ctrl_n_le0",25,0.403,"exp_sd_le0",24,0.387,"ctrl_sd_le0",24,0.387
"CD016278_data",2,1,"exp_sd_le0",56,0.918,"ctrl_sd_le0",56,0.918,"sparse_events",35,0.574,"ci_mismatch",35,0.574,"double_zero",25,0.41
"CD000028_pub4_data",1,1,"duplicate_study",39,0.239,"sparse_events",10,0.061,"double_zero",2,0.012,"",0,NA,"",0,NA
"CD000143_pub2_data",1,1,"exp_sd_le0",80,1,"ctrl_sd_le0",80,1,"ci_mismatch",80,1,"duplicate_study",52,0.65,"sparse_events",7,0.088
"CD000478_pub5_data",1,1,"exp_sd_le0",42,1,"ctrl_sd_le0",42,1,"ci_mismatch",42,1,"duplicate_study",22,0.524,"sparse_events",17,0.405
"CD001396_pub4_data",1,1,"ci_mismatch",385,0.995,"exp_sd_le0",316,0.817,"ctrl_sd_le0",316,0.817,"duplicate_study",163,0.421,"sparse_events",129,0.333
"CD001909_pub4_data",1,1,"exp_sd_le0",133,1,"ctrl_sd_le0",133,1,"ci_mismatch",125,0.94,"duplicate_study",60,0.451,"sparse_events",38,0.286
"CD002052_pub4_data",1,1,"ci_mismatch",34,0.919,"exp_sd_le0",26,0.703,"ctrl_sd_le0",26,0.703,"sparse_events",20,0.541,"double_zero",13,0.351
"CD003129_pub2_data",1,1,"exp_sd_le0",16,0.842,"ctrl_sd_le0",16,0.842,"ci_mismatch",15,0.789,"sparse_events",13,0.684,"double_zero",5,0.263
"CD003331_pub6_data",1,1,"ci_mismatch",154,0.994,"sparse_events",103,0.665,"exp_sd_le0",92,0.594,"ctrl_sd_le0",92,0.594,"double_zero",64,0.413
"CD003333_pub4_data",1,1,"exp_sd_le0",15,1,"ctrl_sd_le0",15,1,"ci_mismatch",15,1,"duplicate_study",3,0.2,"sparse_events",1,0.067
"CD003357_pub5_data",1,1,"exp_sd_le0",34,1,"ctrl_sd_le0",34,1,"ci_mismatch",34,1,"duplicate_study",6,0.176,"sparse_events",5,0.147
"CD004184_pub3_data",1,1,"exp_sd_le0",166,0.892,"ctrl_sd_le0",166,0.892,"sparse_events",164,0.882,"double_zero",154,0.828,"variance_se_mismatch",132,0.71
"CD004376_pub4_data",1,1,"duplicate_study",388,0.377,"sparse_events",79,0.077,"double_zero",46,0.045,"",0,NA,"",0,NA
"CD004406_pub6_data",1,1,"exp_sd_le0",79,1,"ctrl_sd_le0",79,1,"ci_mismatch",78,0.987,"sparse_events",4,0.051,"double_zero",1,0.013
"CD004508_pub5_data",1,1,"ci_mismatch",55,0.965,"exp_sd_le0",36,0.632,"ctrl_sd_le0",36,0.632,"sparse_events",32,0.561,"double_zero",23,0.404
"CD004667_pub6_data",1,1,"exp_sd_le0",490,1,"ctrl_sd_le0",490,1,"ci_mismatch",482,0.984,"duplicate_study",270,0.551,"sparse_events",59,0.12
"CD004992_pub4_data",1,1,"ci_mismatch",25,1,"sparse_events",14,0.56,"exp_sd_le0",13,0.52,"ctrl_sd_le0",13,0.52,"double_zero",12,0.48
"CD005187_pub6_data",1,1,"exp_sd_le0",26,1,"ctrl_sd_le0",26,1,"ci_mismatch",26,1,"duplicate_study",16,0.615,"sparse_events",1,0.038
"CD005495_pub5_data",1,1,"ci_mismatch",340,0.991,"sparse_events",299,0.872,"double_zero",294,0.857,"duplicate_study",254,0.741,"exp_sd_le0",49,0.143
"CD005566_pub4_data",1,1,"ci_mismatch",906,1,"sparse_events",602,0.664,"exp_sd_le0",558,0.616,"ctrl_sd_le0",558,0.616,"duplicate_study",540,0.596
"CD005595_pub4_data",1,1,"sparse_events",249,0.877,"ci_mismatch",246,0.866,"double_zero",167,0.588,"exp_sd_le0",152,0.535,"ctrl_sd_le0",152,0.535
"CD006027_pub3_data",1,1,"ci_mismatch",83,0.965,"exp_sd_le0",65,0.756,"ctrl_sd_le0",65,0.756,"sparse_events",31,0.36,"double_zero",24,0.279
"CD006124_pub3_data",1,1,"ci_mismatch",90,0.938,"sparse_events",77,0.802,"double_zero",57,0.594,"exp_sd_le0",45,0.469,"ctrl_sd_le0",45,0.469
"CD006273_pub4_data",1,1,"ci_mismatch",5,1,"sparse_events",4,0.8,"double_zero",3,0.6,"exp_sd_le0",2,0.4,"ctrl_sd_le0",2,0.4
"CD007079_pub4_data",1,1,"ci_mismatch",148,0.931,"exp_sd_le0",118,0.742,"ctrl_sd_le0",118,0.742,"sparse_events",60,0.377,"double_zero",50,0.314
"CD007130_pub5_data",1,1,"ci_mismatch",129,0.942,"sparse_events",101,0.737,"double_zero",98,0.715,"ctrl_sd_le0",47,0.343,"exp_sd_le0",46,0.336
"CD007374_pub3_data",1,1,"ci_mismatch",89,0.918,"sparse_events",77,0.794,"double_zero",67,0.691,"duplicate_study",56,0.577,"exp_sd_le0",35,0.361
"CD007388_pub3_data",1,1,"exp_sd_le0",114,1,"ctrl_sd_le0",114,1,"ci_mismatch",88,0.772,"sparse_events",60,0.526,"double_zero",26,0.228
"CD007809_pub3_data",1,1,"sparse_events",88,0.926,"ci_mismatch",88,0.926,"double_zero",83,0.874,"duplicate_study",40,0.421,"exp_sd_le0",17,0.179
"CD007872_pub4_data",1,1,"exp_sd_le0",38,0.95,"ctrl_sd_le0",38,0.95,"ci_mismatch",25,0.625,"sparse_events",17,0.425,"double_zero",16,0.4
"CD007895_pub3_data",1,1,"sparse_events",14,0.933,"ci_mismatch",14,0.933,"double_zero",12,0.8,"exp_sd_le0",4,0.267,"ctrl_sd_le0",4,0.267
"CD008237_pub4_data",1,1,"ci_mismatch",25,1,"exp_sd_le0",14,0.56,"ctrl_sd_le0",14,0.56,"sparse_events",13,0.52,"double_zero",11,0.44
"CD008873_pub5_data",1,1,"ci_mismatch",55,0.948,"sparse_events",38,0.655,"exp_sd_le0",34,0.586,"ctrl_sd_le0",34,0.586,"double_zero",27,0.466
"CD009022_pub4_data",1,1,"ci_mismatch",68,0.958,"sparse_events",60,0.845,"double_zero",43,0.606,"exp_sd_le0",30,0.423,"ctrl_sd_le0",30,0.423
"CD009102_pub2_data",1,1,"ci_mismatch",29,1,"exp_sd_le0",23,0.793,"ctrl_sd_le0",23,0.793,"sparse_events",8,0.276,"double_zero",6,0.207
"CD009508_pub2_data",1,1,"ci_mismatch",64,0.821,"double_zero",56,0.718,"sparse_events",56,0.718,"ctrl_sd_le0",23,0.295,"exp_sd_le0",22,0.282
"CD009535_pub3_data",1,1,"ci_mismatch",84,1,"sparse_events",69,0.821,"double_zero",67,0.798,"exp_sd_le0",17,0.202,"ctrl_sd_le0",17,0.202
"CD009679_pub3_data",1,1,"ci_mismatch",170,0.966,"sparse_events",133,0.756,"exp_sd_le0",104,0.591,"ctrl_sd_le0",104,0.591,"duplicate_study",102,0.58
"CD009752_pub3_data",1,1,"ci_mismatch",71,0.887,"sparse_events",63,0.787,"double_zero",52,0.65,"exp_sd_le0",34,0.425,"ctrl_sd_le0",34,0.425
"CD009945_pub3_data",1,1,"exp_sd_le0",7,1,"ctrl_sd_le0",7,1,"ci_mismatch",7,1,"sparse_events",2,0.286,"",0,NA
"CD010001_pub4_data",1,1,"ci_mismatch",237,0.975,"exp_sd_le0",162,0.667,"ctrl_sd_le0",162,0.667,"sparse_events",103,0.424,"double_zero",82,0.337
"CD010216_pub9_data",1,1,"ci_mismatch",196,0.887,"exp_sd_le0",129,0.584,"ctrl_sd_le0",129,0.584,"sparse_events",123,0.557,"double_zero",115,0.52
"CD010441_pub3_data",1,1,"exp_sd_le0",32,1,"ctrl_sd_le0",32,1,"ci_mismatch",26,0.812,"sparse_events",9,0.281,"double_zero",6,0.188
"CD010533_pub3_data",1,1,"exp_sd_le0",83,1,"ctrl_sd_le0",83,1,"ci_mismatch",77,0.928,"sparse_events",52,0.627,"double_zero",43,0.518
"CD011197_pub3_data",1,1,"sparse_events",134,0.957,"double_zero",127,0.907,"ci_mismatch",124,0.886,"exp_sd_le0",23,0.164,"ctrl_sd_le0",23,0.164
"CD011204_pub3_data",1,1,"ci_mismatch",320,1,"exp_sd_le0",244,0.762,"ctrl_sd_le0",244,0.762,"duplicate_study",233,0.728,"sparse_events",95,0.297
"CD011305_pub3_data",1,1,"exp_sd_le0",53,0.803,"ctrl_sd_le0",53,0.803,"ci_mismatch",52,0.788,"sparse_events",43,0.652,"double_zero",26,0.394
"CD011381_pub3_data",1,1,"ci_mismatch",259,1,"exp_sd_le0",245,0.946,"ctrl_sd_le0",245,0.946,"duplicate_study",82,0.317,"sparse_events",52,0.201
"CD011468_pub2_data",1,1,"ci_mismatch",10,1,"sparse_events",6,0.6,"exp_sd_le0",6,0.6,"ctrl_sd_le0",6,0.6,"double_zero",4,0.4
"CD011600_pub3_data",1,1,"ci_mismatch",169,1,"exp_sd_le0",134,0.793,"ctrl_sd_le0",134,0.793,"sparse_events",107,0.633,"double_zero",105,0.621
"CD011626_pub3_data",1,1,"ci_mismatch",64,0.985,"sparse_events",62,0.954,"double_zero",54,0.831,"duplicate_study",32,0.492,"exp_sd_le0",11,0.169
"CD011627_pub3_data",1,1,"exp_sd_le0",24,1,"ctrl_sd_le0",24,1,"ci_mismatch",22,0.917,"sparse_events",3,0.125,"double_zero",2,0.083
"CD011793_pub3_data",1,1,"ci_mismatch",115,1,"sparse_events",99,0.861,"double_zero",75,0.652,"exp_sd_le0",40,0.348,"ctrl_sd_le0",40,0.348
"CD011806_pub2_data",1,1,"sparse_events",94,0.904,"double_zero",85,0.817,"exp_sd_le0",72,0.692,"ctrl_sd_le0",72,0.692,"ci_mismatch",51,0.49
"CD011841_pub3_data",1,1,"ci_mismatch",105,0.929,"sparse_events",73,0.646,"double_zero",67,0.593,"exp_sd_le0",46,0.407,"ctrl_sd_le0",46,0.407
"CD011866_pub3_data",1,1,"ci_mismatch",155,0.987,"exp_sd_le0",103,0.656,"ctrl_sd_le0",103,0.656,"sparse_events",58,0.369,"double_zero",56,0.357
"CD011885_pub2_data",1,1,"ci_mismatch",164,0.948,"exp_sd_le0",124,0.717,"ctrl_sd_le0",124,0.717,"sparse_events",96,0.555,"double_zero",58,0.335
"CD012186_pub2_data",1,1,"exp_sd_le0",202,1,"ctrl_sd_le0",202,1,"ci_mismatch",194,0.96,"sparse_events",37,0.183,"duplicate_study",12,0.059
"CD012214_pub3_data",1,1,"exp_sd_le0",25,1,"ctrl_sd_le0",25,1,"ci_mismatch",17,0.68,"sparse_events",13,0.52,"double_zero",8,0.32
"CD012397_pub2_data",1,1,"exp_sd_le0",23,0.92,"ctrl_sd_le0",23,0.92,"ci_mismatch",22,0.88,"sparse_events",13,0.52,"duplicate_study",10,0.4
"CD012609_pub2_data",1,1,"exp_sd_le0",28,1,"ctrl_sd_le0",28,1,"ci_mismatch",28,1,"sparse_events",1,0.036,"",0,NA
"CD012757_pub2_data",1,1,"exp_sd_le0",24,1,"ctrl_sd_le0",24,1,"ci_mismatch",24,1,"",0,NA,"",0,NA
"CD012891_pub2_data",1,1,"exp_sd_le0",54,0.931,"ctrl_sd_le0",54,0.931,"ci_mismatch",53,0.914,"sparse_events",30,0.517,"double_zero",15,0.259
"CD012925_pub2_data",1,1,"exp_sd_le0",97,0.98,"ctrl_sd_le0",97,0.98,"sparse_events",79,0.798,"double_zero",78,0.788,"duplicate_study",54,0.545
"CD012942_pub2_data",1,1,"ci_mismatch",760,0.921,"exp_sd_le0",699,0.847,"ctrl_sd_le0",699,0.847,"duplicate_study",648,0.785,"sparse_events",152,0.184
"CD013042_pub2_data",1,1,"ci_mismatch",298,0.955,"sparse_events",241,0.772,"double_zero",231,0.74,"duplicate_study",207,0.663,"exp_sd_le0",89,0.285
"CD013051_pub3_data",1,1,"exp_sd_le0",19,1,"ctrl_sd_le0",19,1,"ci_mismatch",19,1,"",0,NA,"",0,NA
"CD013052_pub3_data",1,1,"exp_sd_le0",44,1,"ctrl_sd_le0",44,1,"ci_mismatch",42,0.955,"sparse_events",5,0.114,"double_zero",2,0.045
"CD013055_pub3_data",1,1,"exp_sd_le0",11,1,"ctrl_sd_le0",11,1,"ci_mismatch",11,1,"sparse_events",1,0.091,"",0,NA
"CD013059_pub2_data",1,1,"sparse_events",361,0.994,"double_zero",358,0.986,"ci_mismatch",356,0.981,"duplicate_study",311,0.857,"exp_sd_le0",12,0.033
"CD013105_pub2_data",1,1,"ci_mismatch",77,0.895,"sparse_events",60,0.698,"double_zero",53,0.616,"exp_sd_le0",39,0.453,"ctrl_sd_le0",39,0.453
"CD013111_pub2_data",1,1,"exp_sd_le0",21,1,"ctrl_sd_le0",21,1,"ci_mismatch",21,1,"sparse_events",6,0.286,"duplicate_study",3,0.143
"CD013197_pub2_data",1,1,"exp_sd_le0",116,0.309,"ctrl_sd_le0",116,0.309,"sparse_events",109,0.291,"ci_mismatch",102,0.272,"duplicate_study",74,0.197
"CD013303_pub2_data",1,1,"ci_mismatch",132,1,"double_zero",116,0.879,"sparse_events",116,0.879,"exp_sd_le0",16,0.121,"ctrl_sd_le0",16,0.121
"CD013332_pub2_data",1,1,"ci_mismatch",67,1,"exp_sd_le0",61,0.91,"ctrl_sd_le0",61,0.91,"sparse_events",22,0.328,"duplicate_study",7,0.104
"CD013342_pub2_data",1,1,"sparse_events",196,0.875,"double_zero",173,0.772,"ci_mismatch",143,0.638,"exp_sd_le0",70,0.312,"ctrl_sd_le0",70,0.312
"CD013344_pub2_data",1,1,"ci_mismatch",90,0.928,"exp_sd_le0",87,0.897,"ctrl_sd_le0",87,0.897,"sparse_events",41,0.423,"duplicate_study",29,0.299
"CD013355_pub2_data",1,1,"ci_mismatch",21,1,"exp_sd_le0",17,0.81,"ctrl_sd_le0",17,0.81,"sparse_events",9,0.429,"double_zero",4,0.19
"CD013425_pub2_data",1,1,"ci_mismatch",285,1,"exp_sd_le0",232,0.814,"ctrl_sd_le0",232,0.814,"sparse_events",80,0.281,"double_zero",53,0.186
"CD013456_pub2_data",1,1,"ci_mismatch",174,0.983,"sparse_events",160,0.904,"double_zero",152,0.859,"duplicate_study",31,0.175,"exp_sd_le0",28,0.158
"CD013462_pub3_data",1,1,"sparse_events",44,0.361,"duplicate_study",21,0.172,"double_zero",9,0.074,"",0,NA,"",0,NA
"CD013561_pub2_data",1,1,"exp_sd_le0",24,1,"ctrl_sd_le0",24,1,"ci_mismatch",24,1,"sparse_events",2,0.083,"",0,NA
"CD013590_pub2_data",1,1,"ci_mismatch",122,0.924,"sparse_events",109,0.826,"double_zero",98,0.742,"duplicate_study",66,0.5,"exp_sd_le0",61,0.462
"CD013595_pub2_data",1,1,"ci_mismatch",61,0.924,"exp_sd_le0",51,0.773,"ctrl_sd_le0",51,0.773,"duplicate_study",37,0.561,"double_zero",25,0.379
"CD013631_pub2_data",1,1,"ci_mismatch",107,0.922,"sparse_events",104,0.897,"double_zero",97,0.836,"exp_sd_le0",26,0.224,"ctrl_sd_le0",26,0.224
"CD013643_pub2_data",1,1,"sparse_events",39,0.796,"double_zero",34,0.694,"ci_mismatch",34,0.694,"exp_sd_le0",27,0.551,"ctrl_sd_le0",27,0.551
"CD013672_pub2_data",1,1,"exp_sd_le0",60,0.984,"ctrl_sd_le0",60,0.984,"ci_mismatch",60,0.984,"duplicate_study",27,0.443,"double_zero",1,0.016
"CD013707_pub2_data",1,1,"ci_mismatch",42,0.857,"sparse_events",36,0.735,"double_zero",28,0.571,"exp_sd_le0",28,0.571,"ctrl_sd_le0",28,0.571
"CD013745_pub2_data",1,1,"exp_sd_le0",51,1,"ctrl_sd_le0",51,1,"ci_mismatch",50,0.98,"duplicate_study",35,0.686,"sparse_events",7,0.137
"CD013758_pub2_data",1,1,"ci_mismatch",345,1,"sparse_events",329,0.954,"double_zero",323,0.936,"duplicate_study",152,0.441,"exp_sd_le0",22,0.064
"CD013801_pub2_data",1,1,"sparse_events",23,0.411,"double_zero",10,0.179,"",0,NA,"",0,NA,"",0,NA
"CD013823_pub2_data",1,1,"ci_mismatch",26,1,"sparse_events",15,0.577,"double_zero",14,0.538,"exp_sd_le0",12,0.462,"ctrl_sd_le0",12,0.462
"CD013827_pub2_data",1,1,"ci_mismatch",124,0.855,"exp_sd_le0",90,0.621,"ctrl_sd_le0",90,0.621,"sparse_events",80,0.552,"double_zero",76,0.524
"CD013853_pub2_data",1,1,"sparse_events",40,0.851,"double_zero",35,0.745,"ctrl_sd_le0",31,0.66,"exp_sd_le0",30,0.638,"ci_mismatch",22,0.468
"CD013874_pub3_data",1,1,"exp_sd_le0",132,0.971,"ctrl_sd_le0",132,0.971,"ci_mismatch",128,0.941,"sparse_events",105,0.772,"double_zero",88,0.647
"CD014089_data",1,1,"exp_sd_le0",136,1,"ctrl_sd_le0",136,1,"sparse_events",128,0.941,"exp_n_le0",127,0.934,"ctrl_n_le0",127,0.934
"CD014145_pub2_data",1,1,"exp_sd_le0",22,0.917,"ctrl_sd_le0",22,0.917,"ci_mismatch",20,0.833,"sparse_events",17,0.708,"double_zero",6,0.25
"CD014300_pub2_data",1,1,"ci_mismatch",33,0.971,"sparse_events",24,0.706,"double_zero",23,0.676,"exp_sd_le0",12,0.353,"ctrl_sd_le0",12,0.353
"CD014544_pub2_data",1,1,"ci_mismatch",116,0.959,"duplicate_study",93,0.769,"sparse_events",79,0.653,"double_zero",67,0.554,"exp_sd_le0",54,0.446
"CD014666_pub2_data",1,1,"ci_mismatch",126,0.969,"double_zero",124,0.954,"sparse_events",124,0.954,"duplicate_study",75,0.577,"exp_sd_le0",6,0.046
"CD014736_pub2_data",1,1,"ci_mismatch",25,0.893,"sparse_events",24,0.857,"double_zero",20,0.714,"exp_sd_le0",11,0.393,"ctrl_sd_le0",11,0.393
"CD014762_pub2_data",1,1,"ci_mismatch",30,1,"exp_sd_le0",26,0.867,"ctrl_sd_le0",26,0.867,"duplicate_study",7,0.233,"sparse_events",7,0.233
"CD014763_pub2_data",1,1,"ci_mismatch",58,0.853,"exp_sd_le0",46,0.676,"ctrl_sd_le0",46,0.676,"sparse_events",37,0.544,"duplicate_study",34,0.5
"CD014802_pub2_data",1,1,"ci_mismatch",19,1,"exp_sd_le0",16,0.842,"ctrl_sd_le0",16,0.842,"double_zero",3,0.158,"sparse_events",3,0.158
"CD014833_pub2_data",1,1,"ci_mismatch",30,1,"exp_sd_le0",19,0.633,"ctrl_sd_le0",19,0.633,"double_zero",11,0.367,"sparse_events",11,0.367
"CD014852_pub2_data",1,1,"ci_mismatch",200,0.99,"sparse_events",122,0.604,"double_zero",116,0.574,"exp_sd_le0",86,0.426,"ctrl_sd_le0",86,0.426
"CD014869_pub2_data",1,1,"ci_mismatch",34,1,"exp_sd_le0",33,0.971,"ctrl_sd_le0",33,0.971,"sparse_events",4,0.118,"double_zero",1,0.029
"CD014891_pub2_data",1,1,"ci_mismatch",23,0.92,"sparse_events",18,0.72,"double_zero",16,0.64,"exp_sd_le0",10,0.4,"ctrl_sd_le0",10,0.4
"CD014914_pub2_data",1,1,"duplicate_study",96,0.4,"exp_sd_le0",30,0.125,"ctrl_sd_le0",29,0.121,"ci_mismatch",29,0.121,"sparse_events",16,0.067
"CD014920_pub2_data",1,1,"exp_sd_le0",8,0.889,"ctrl_sd_le0",8,0.889,"ci_mismatch",8,0.889,"sparse_events",2,0.222,"double_zero",1,0.111
"CD014935_pub2_data",1,1,"ci_mismatch",28,0.966,"exp_sd_le0",23,0.793,"ctrl_sd_le0",23,0.793,"sparse_events",10,0.345,"double_zero",6,0.207
"CD014966_pub2_data",1,1,"exp_sd_le0",105,1,"ctrl_sd_le0",105,1,"ci_mismatch",104,0.99,"duplicate_study",53,0.505,"sparse_events",12,0.114
"CD015003_pub2_data",1,1,"exp_sd_le0",26,1,"ctrl_sd_le0",26,1,"ci_mismatch",26,1,"sparse_events",8,0.308,"duplicate_study",1,0.038
"CD015038_pub2_data",1,1,"ci_mismatch",75,0.926,"sparse_events",55,0.679,"exp_sd_le0",54,0.667,"ctrl_sd_le0",54,0.667,"double_zero",33,0.407
"CD015046_pub2_data",1,1,"sparse_events",6,0.3,"",0,NA,"",0,NA,"",0,NA,"",0,NA
"CD015084_pub2_data",1,1,"ci_mismatch",32,1,"sparse_events",21,0.656,"double_zero",19,0.594,"exp_sd_le0",13,0.406,"ctrl_sd_le0",13,0.406
"CD015123_pub2_data",1,1,"ci_mismatch",32,0.914,"exp_sd_le0",30,0.857,"ctrl_sd_le0",30,0.857,"sparse_events",11,0.314,"double_zero",9,0.257
"CD015134_pub2_data",1,1,"exp_sd_le0",32,1,"ctrl_sd_le0",32,1,"ci_mismatch",24,0.75,"sparse_events",14,0.438,"double_zero",8,0.25
"CD015140_pub2_data",1,1,"ci_mismatch",151,0.968,"exp_sd_le0",142,0.91,"ctrl_sd_le0",142,0.91,"sparse_events",111,0.712,"double_zero",106,0.679
"CD015192_pub2_data",1,1,"exp_sd_le0",67,1,"ctrl_sd_le0",67,1,"ci_mismatch",45,0.672,"sparse_events",37,0.552,"double_zero",22,0.328
"CD015314_pub2_data",1,1,"exp_sd_le0",71,1,"ctrl_sd_le0",71,1,"ci_mismatch",69,0.972,"duplicate_study",9,0.127,"sparse_events",4,0.056
"CD015395_pub3_data",1,1,"exp_sd_le0",17,1,"ctrl_sd_le0",17,1,"ci_mismatch",17,1,"duplicate_study",5,0.294,"sparse_events",2,0.118
"CD015432_pub2_data",1,1,"ci_mismatch",119,0.783,"exp_sd_le0",97,0.638,"ctrl_sd_le0",97,0.638,"sparse_events",96,0.632,"double_zero",88,0.579
"CD015443_pub2_data",1,1,"ci_mismatch",86,0.977,"exp_sd_le0",84,0.955,"ctrl_sd_le0",84,0.955,"sparse_events",19,0.216,"duplicate_study",9,0.102
"CD015524_pub2_data",1,1,"sparse_events",216,0.763,"ci_mismatch",216,0.763,"double_zero",213,0.753,"exp_sd_le0",89,0.314,"ctrl_sd_le0",89,0.314
"CD015551_pub2_data",1,1,"exp_sd_le0",27,1,"ctrl_sd_le0",27,1,"ci_mismatch",27,1,"sparse_events",4,0.148,"variance_se_mismatch",2,0.074
"CD015573_data",1,1,"ci_mismatch",9,1,"exp_sd_le0",7,0.778,"ctrl_sd_le0",7,0.778,"sparse_events",6,0.667,"duplicate_study",2,0.222
"CD015698_pub2_data",1,1,"ci_mismatch",19,0.655,"sparse_events",7,0.241,"double_zero",1,0.034,"",0,NA,"",0,NA
"CD015779_data",1,1,"exp_sd_le0",24,1,"ctrl_sd_le0",24,1,"ci_mismatch",23,0.958,"sparse_events",12,0.5,"variance_se_mismatch",4,0.167
"CD015875_data",1,1,"sparse_events",21,0.101,"double_zero",10,0.048,"ctrl_sd_le0",1,0.005,"",0,NA,"",0,NA
"CD016002_data",1,1,"duplicate_study",64,0.268,"sparse_events",46,0.192,"double_zero",31,0.13,"exp_n_le0",9,0.038,"ctrl_n_le0",9,0.038
"CD016058_pub2_data",1,1,"duplicate_study",16,0.308,"sparse_events",13,0.25,"double_zero",8,0.154,"all_events",1,0.019,"exp_sd_le0",1,0.019
"CD016064_data",1,1,"exp_sd_le0",573,1,"ctrl_sd_le0",573,1,"ci_mismatch",571,0.997,"sparse_events",568,0.991,"double_zero",564,0.984
"CD016120_data",1,1,"ci_mismatch",44,0.88,"sparse_events",40,0.8,"double_zero",35,0.7,"exp_sd_le0",19,0.38,"ctrl_sd_le0",19,0.38
"CD016147_data",1,1,"exp_sd_le0",29,0.906,"ctrl_sd_le0",29,0.906,"ci_mismatch",29,0.906,"sparse_events",9,0.281,"duplicate_study",6,0.188
"CD016148_data",1,1,"exp_sd_le0",55,0.965,"ctrl_sd_le0",55,0.965,"ci_mismatch",48,0.842,"sparse_events",22,0.386,"double_zero",10,0.175
"CD001072_pub2_data",NA,NA,"exp_sd_le0",3,1,"ctrl_sd_le0",3,1,"ci_mismatch",3,1,"",0,NA,"",0,NA
"CD001533_pub7_data",NA,NA,"ci_mismatch",203,0.935,"exp_sd_le0",191,0.88,"ctrl_sd_le0",191,0.88,"duplicate_study",79,0.364,"sparse_events",61,0.281
"CD001552_pub3_data",NA,NA,"ci_mismatch",76,0.974,"sparse_events",58,0.744,"double_zero",49,0.628,"exp_sd_le0",30,0.385,"ctrl_sd_le0",29,0.372
"CD001703_pub4_data",NA,NA,"sparse_events",84,0.706,"ci_mismatch",73,0.613,"double_zero",72,0.605,"exp_sd_le0",50,0.42,"ctrl_sd_le0",50,0.42
"CD001837_pub4_data",NA,NA,"exp_sd_le0",144,1,"ctrl_sd_le0",144,1,"ci_mismatch",144,1,"duplicate_study",47,0.326,"",0,NA
"CD002115_pub6_data",NA,NA,"sparse_events",50,0.847,"double_zero",46,0.78,"ci_mismatch",37,0.627,"exp_sd_le0",34,0.576,"ctrl_sd_le0",34,0.576
"CD002290_pub6_data",NA,NA,"ci_mismatch",226,0.987,"exp_sd_le0",215,0.939,"ctrl_sd_le0",215,0.939,"duplicate_study",103,0.45,"sparse_events",70,0.306
"CD002303_pub4_data",NA,NA,"exp_sd_le0",15,1,"ctrl_sd_le0",15,1,"ci_mismatch",15,1,"",0,NA,"",0,NA
"CD002971_pub6_data",NA,NA,"ci_mismatch",65,0.89,"exp_sd_le0",41,0.562,"ctrl_sd_le0",41,0.562,"sparse_events",40,0.548,"double_zero",34,0.466
"CD003214_pub4_data",NA,NA,"ci_mismatch",8,1,"exp_sd_le0",5,0.625,"ctrl_sd_le0",5,0.625,"double_zero",3,0.375,"sparse_events",3,0.375
"CD003216_pub3_data",NA,NA,"ci_mismatch",59,0.952,"exp_sd_le0",38,0.613,"ctrl_sd_le0",38,0.613,"sparse_events",37,0.597,"double_zero",27,0.435
"CD003218_pub3_data",NA,NA,"double_zero",18,1,"sparse_events",18,1,"exp_sd_le0",18,1,"ctrl_sd_le0",18,1,"variance_se_mismatch",15,0.833
"CD003451_pub3_data",NA,NA,"double_zero",82,0.988,"sparse_events",82,0.988,"ci_mismatch",74,0.892,"duplicate_study",24,0.289,"exp_sd_le0",1,0.012
"CD003477_pub5_data",NA,NA,"double_zero",158,1,"sparse_events",158,1,"duplicate_study",61,0.386,"ci_mismatch",20,0.127,"",0,NA
"CD003511_pub6_data",NA,NA,"exp_sd_le0",48,1,"ctrl_sd_le0",48,1,"ci_mismatch",45,0.938,"sparse_events",10,0.208,"double_zero",3,0.062
"CD003519_pub5_data",NA,NA,"duplicate_study",51,0.155,"sparse_events",12,0.036,"",0,NA,"",0,NA,"",0,NA
"CD003743_pub3_data",NA,NA,"ci_mismatch",34,0.971,"exp_sd_le0",20,0.571,"ctrl_sd_le0",20,0.571,"sparse_events",17,0.486,"double_zero",15,0.429
"CD003833_pub5_data",NA,NA,"sparse_events",35,0.972,"ci_mismatch",34,0.944,"double_zero",32,0.889,"duplicate_study",16,0.444,"exp_sd_le0",6,0.167
"CD004307_pub7_data",NA,NA,"exp_sd_le0",157,1,"ctrl_sd_le0",157,1,"ci_mismatch",157,1,"sparse_events",63,0.401,"double_zero",46,0.293
"CD004372_pub3_data",NA,NA,"double_zero",4,1,"sparse_events",4,1,"ci_mismatch",4,1,"",0,NA,"",0,NA
"CD004417_pub6_data",NA,NA,"ci_mismatch",122,1,"exp_sd_le0",93,0.762,"ctrl_sd_le0",93,0.762,"duplicate_study",91,0.746,"double_zero",29,0.238
"CD004703_pub3_data",NA,NA,"sparse_events",104,0.889,"exp_sd_le0",98,0.838,"ctrl_sd_le0",98,0.838,"double_zero",68,0.581,"ci_mismatch",68,0.581
"CD004762_pub3_data",NA,NA,"double_zero",29,1,"sparse_events",29,1,"exp_sd_le0",29,1,"ctrl_sd_le0",29,1,"variance_se_mismatch",20,0.69
"CD004871_pub5_data",NA,NA,"ci_mismatch",115,0.983,"double_zero",105,0.897,"sparse_events",105,0.897,"exp_sd_le0",12,0.103,"ctrl_sd_le0",12,0.103
"CD004904_pub4_data",NA,NA,"exp_sd_le0",6,1,"ctrl_sd_le0",6,1,"ci_mismatch",6,1,"sparse_events",1,0.167,"",0,NA
"CD004925_pub4_data",NA,NA,"exp_sd_le0",87,1,"ctrl_sd_le0",87,1,"ci_mismatch",85,0.977,"sparse_events",38,0.437,"duplicate_study",21,0.241
"CD005343_pub7_data",NA,NA,"ci_mismatch",156,0.987,"sparse_events",126,0.797,"duplicate_study",115,0.728,"double_zero",112,0.709,"exp_sd_le0",80,0.506
"CD005582_pub5_data",NA,NA,"exp_sd_le0",15,1,"ctrl_sd_le0",15,1,"ci_mismatch",12,0.8,"sparse_events",10,0.667,"double_zero",4,0.267
"CD006140_pub3_data",NA,NA,"sparse_events",28,0.206,"double_zero",13,0.096,"all_events",4,0.029,"exp_sd_le0",3,0.022,"ctrl_sd_le0",3,0.022
"CD006214_pub5_data",NA,NA,"double_zero",1,1,"sparse_events",1,1,"ci_mismatch",1,1,"",0,NA,"",0,NA
"CD006515_pub2_data",NA,NA,"ci_mismatch",30,0.968,"exp_sd_le0",22,0.71,"ctrl_sd_le0",22,0.71,"sparse_events",21,0.677,"duplicate_study",11,0.355
"CD006632_pub3_data",NA,NA,"double_zero",122,1,"sparse_events",122,1,"ci_mismatch",122,1,"exp_sd_le0",65,0.533,"ctrl_sd_le0",65,0.533
"CD006712_pub3_data",NA,NA,"double_zero",35,1,"sparse_events",35,1,"ci_mismatch",25,0.714,"duplicate_study",10,0.286,"exp_n_le0",10,0.286
"CD006714_pub3_data",NA,NA,"ci_mismatch",24,0.8,"exp_sd_le0",22,0.733,"ctrl_sd_le0",22,0.733,"sparse_events",13,0.433,"double_zero",11,0.367
"CD006839_pub5_data",NA,NA,"ci_mismatch",16,1,"exp_sd_le0",14,0.875,"ctrl_sd_le0",14,0.875,"sparse_events",3,0.188,"double_zero",2,0.125
"CD006919_pub5_data",NA,NA,"ci_mismatch",161,0.988,"exp_sd_le0",108,0.663,"ctrl_sd_le0",108,0.663,"sparse_events",73,0.448,"double_zero",57,0.35
"CD006942_pub4_data",NA,NA,"exp_sd_le0",33,1,"ctrl_sd_le0",33,1,"ci_mismatch",33,1,"sparse_events",11,0.333,"",0,NA
"CD006982_pub5_data",NA,NA,"sparse_events",19,0.76,"double_zero",18,0.72,"ci_mismatch",17,0.68,"exp_sd_le0",7,0.28,"ctrl_sd_le0",7,0.28
"CD007024_pub3_data",NA,NA,"ci_mismatch",137,1,"exp_sd_le0",84,0.613,"ctrl_sd_le0",84,0.613,"sparse_events",58,0.423,"double_zero",53,0.387
"CD007110_pub4_data",NA,NA,"exp_sd_le0",63,1,"ctrl_sd_le0",63,1,"sparse_events",62,0.984,"ci_mismatch",62,0.984,"double_zero",48,0.762
"CD007156_pub3_data",NA,NA,"ci_mismatch",71,0.922,"sparse_events",69,0.896,"double_zero",68,0.883,"duplicate_study",34,0.442,"exp_sd_le0",9,0.117
"CD007491_pub3_data",NA,NA,"double_zero",20,1,"sparse_events",20,1,"exp_sd_le0",20,1,"ctrl_sd_le0",20,1,"ci_mismatch",20,1
"CD007569_pub4_data",NA,NA,"ci_mismatch",25,0.962,"double_zero",19,0.731,"sparse_events",19,0.731,"exp_sd_le0",19,0.731,"ctrl_sd_le0",19,0.731
"CD007674_pub3_data",NA,NA,"ci_mismatch",333,0.997,"sparse_events",194,0.581,"duplicate_study",193,0.578,"double_zero",192,0.575,"exp_sd_le0",143,0.428
"CD007693_pub3_data",NA,NA,"exp_sd_le0",52,1,"ctrl_sd_le0",52,1,"ci_mismatch",52,1,"exp_n_le0",51,0.981,"ctrl_n_le0",51,0.981
"CD007837_pub3_data",NA,NA,"ci_mismatch",45,1,"double_zero",44,0.978,"sparse_events",44,0.978,"duplicate_study",5,0.111,"exp_sd_le0",1,0.022
"CD007859_pub5_data",NA,NA,"ci_mismatch",166,1,"double_zero",162,0.976,"sparse_events",162,0.976,"duplicate_study",122,0.735,"exp_sd_le0",5,0.03
"CD007896_pub4_data",NA,NA,"sparse_events",1337,0.876,"duplicate_study",1325,0.868,"double_zero",1264,0.828,"ci_mismatch",504,0.33,"exp_sd_le0",318,0.208
"CD008063_pub3_data",NA,NA,"double_zero",179,1,"sparse_events",179,1,"exp_sd_le0",179,1,"ctrl_sd_le0",179,1,"variance_se_mismatch",179,1
"CD008145_pub4_data",NA,NA,"double_zero",85,1,"sparse_events",85,1,"exp_sd_le0",85,1,"ctrl_sd_le0",85,1,"variance_se_mismatch",71,0.835
"CD008165_pub5_data",NA,NA,"ci_mismatch",38,0.809,"double_zero",27,0.574,"sparse_events",27,0.574,"exp_sd_le0",20,0.426,"ctrl_sd_le0",20,0.426
"CD008349_pub5_data",NA,NA,"double_zero",588,1,"sparse_events",588,1,"ci_mismatch",482,0.82,"duplicate_study",10,0.017,"",0,NA
"CD008552_pub8_data",NA,NA,"double_zero",226,1,"sparse_events",226,1,"exp_sd_le0",226,1,"ctrl_sd_le0",226,1,"variance_se_mismatch",173,0.765
"CD008628_pub3_data",NA,NA,"ci_mismatch",66,0.971,"exp_sd_le0",44,0.647,"ctrl_sd_le0",44,0.647,"sparse_events",37,0.544,"duplicate_study",25,0.368
"CD008688_pub3_data",NA,NA,"exp_sd_le0",16,0.842,"ctrl_sd_le0",16,0.842,"ci_mismatch",16,0.842,"sparse_events",9,0.474,"double_zero",6,0.316
"CD008771_pub3_data",NA,NA,"ci_mismatch",42,1,"double_zero",40,0.952,"sparse_events",40,0.952,"exp_sd_le0",2,0.048,"ctrl_sd_le0",2,0.048
"CD008858_pub5_data",NA,NA,"exp_sd_le0",151,0.962,"ctrl_sd_le0",151,0.962,"ci_mismatch",148,0.943,"duplicate_study",133,0.847,"sparse_events",44,0.28
"CD008879_pub3_data",NA,NA,"ci_mismatch",48,1,"exp_sd_le0",35,0.729,"ctrl_sd_le0",35,0.729,"sparse_events",14,0.292,"double_zero",13,0.271
"CD008940_pub4_data",NA,NA,"exp_sd_le0",151,0.799,"ctrl_sd_le0",151,0.799,"ci_mismatch",142,0.751,"sparse_events",99,0.524,"double_zero",67,0.354
"CD008973_pub3_data",NA,NA,"exp_sd_le0",60,0.968,"ctrl_sd_le0",60,0.968,"ci_mismatch",53,0.855,"sparse_events",12,0.194,"double_zero",11,0.177
"CD008995_pub3_data",NA,NA,"exp_sd_le0",5,1,"ctrl_sd_le0",5,1,"ci_mismatch",5,1,"sparse_events",1,0.2,"",0,NA
"CD009244_pub3_data",NA,NA,"exp_sd_le0",27,1,"ctrl_sd_le0",27,1,"ci_mismatch",24,0.889,"duplicate_study",14,0.519,"sparse_events",4,0.148
"CD009252_pub2_data",NA,NA,"double_zero",73,0.76,"sparse_events",73,0.76,"ci_mismatch",52,0.542,"exp_sd_le0",23,0.24,"ctrl_sd_le0",23,0.24
"CD009362_pub4_data",NA,NA,"exp_sd_le0",129,0.977,"ctrl_sd_le0",129,0.977,"ci_mismatch",129,0.977,"duplicate_study",49,0.371,"sparse_events",39,0.295
"CD009417_pub3_data",NA,NA,"ci_mismatch",37,0.974,"exp_sd_le0",24,0.632,"ctrl_sd_le0",24,0.632,"sparse_events",22,0.579,"double_zero",15,0.395
"CD009609_pub3_data",NA,NA,"sparse_events",2,0.038,"",0,NA,"",0,NA,"",0,NA,"",0,NA
"CD009730_pub3_data",NA,NA,"ci_mismatch",146,0.924,"sparse_events",132,0.835,"double_zero",114,0.722,"exp_sd_le0",52,0.329,"ctrl_sd_le0",52,0.329
"CD009788_pub3_data",NA,NA,"ci_mismatch",32,1,"sparse_events",21,0.656,"double_zero",20,0.625,"exp_sd_le0",12,0.375,"ctrl_sd_le0",12,0.375
"CD010136_pub4_data",NA,NA,"ci_mismatch",23,1,"sparse_events",21,0.913,"double_zero",20,0.87,"exp_sd_le0",3,0.13,"ctrl_sd_le0",3,0.13
"CD010163_pub3_data",NA,NA,"exp_sd_le0",5,1,"ctrl_sd_le0",5,1,"ci_mismatch",5,1,"sparse_events",2,0.4,"duplicate_study",1,0.2
"CD010189_pub3_data",NA,NA,"double_zero",44,1,"sparse_events",44,1,"exp_sd_le0",44,1,"ctrl_sd_le0",44,1,"ci_mismatch",44,1
"CD010333_pub4_data",NA,NA,"ci_mismatch",8,1,"sparse_events",6,0.75,"double_zero",5,0.625,"exp_sd_le0",3,0.375,"ctrl_sd_le0",3,0.375
"CD010779_pub2_data",NA,NA,"double_zero",20,1,"sparse_events",20,1,"ci_mismatch",14,0.7,"duplicate_study",7,0.35,"ctrl_sd_le0",1,0.05
"CD010856_pub3_data",NA,NA,"double_zero",81,1,"sparse_events",81,1,"ci_mismatch",77,0.951,"",0,NA,"",0,NA
"CD011039_pub2_data",NA,NA,"ci_mismatch",28,1,"exp_sd_le0",19,0.679,"ctrl_sd_le0",19,0.679,"duplicate_study",11,0.393,"sparse_events",11,0.393
"CD011044_pub3_data",NA,NA,"exp_sd_le0",341,1,"ctrl_sd_le0",341,1,"ci_mismatch",336,0.985,"sparse_events",141,0.413,"double_zero",94,0.276
"CD011060_pub2_data",NA,NA,"exp_sd_le0",4,1,"ctrl_sd_le0",4,1,"ci_mismatch",4,1,"sparse_events",2,0.5,"",0,NA
"CD011120_pub3_data",NA,NA,"exp_sd_le0",27,1,"ctrl_sd_le0",27,1,"ci_mismatch",27,1,"duplicate_study",3,0.111,"sparse_events",3,0.111
"CD011192_pub4_data",NA,NA,"exp_sd_le0",22,1,"ctrl_sd_le0",22,1,"ci_mismatch",21,0.955,"sparse_events",3,0.136,"double_zero",1,0.045
"CD011218_pub2_data",NA,NA,"ci_mismatch",12,0.75,"double_zero",10,0.625,"sparse_events",10,0.625,"exp_sd_le0",9,0.562,"ctrl_sd_le0",9,0.562
"CD011330_pub2_data",NA,NA,"sparse_events",48,0.98,"ci_mismatch",46,0.939,"double_zero",41,0.837,"exp_sd_le0",11,0.224,"ctrl_sd_le0",11,0.224
"CD011624_pub3_data",NA,NA,"sparse_events",71,0.986,"double_zero",70,0.972,"exp_sd_le0",57,0.792,"ctrl_sd_le0",57,0.792,"ci_mismatch",50,0.694
"CD011671_pub3_data",NA,NA,"exp_sd_le0",97,0.96,"ctrl_sd_le0",97,0.96,"ci_mismatch",94,0.931,"sparse_events",23,0.228,"double_zero",20,0.198
"CD011778_pub2_data",NA,NA,"double_zero",205,1,"sparse_events",205,1,"exp_sd_le0",194,0.946,"ctrl_sd_le0",194,0.946,"variance_se_mismatch",30,0.146
"CD011800_pub2_data",NA,NA,"sparse_events",12,1,"ci_mismatch",11,0.917,"double_zero",10,0.833,"exp_sd_le0",3,0.25,"ctrl_sd_le0",3,0.25
"CD011851_pub3_data",NA,NA,"ci_mismatch",74,1,"sparse_events",70,0.946,"double_zero",66,0.892,"exp_sd_le0",8,0.108,"ctrl_sd_le0",8,0.108
"CD012170_pub2_data",NA,NA,"double_zero",59,1,"sparse_events",59,1,"exp_sd_le0",59,1,"ctrl_sd_le0",59,1,"duplicate_study",36,0.61
"CD012178_pub2_data",NA,NA,"exp_sd_le0",24,1,"ctrl_sd_le0",24,1,"ci_mismatch",21,0.875,"sparse_events",9,0.375,"double_zero",3,0.125
"CD012265_pub2_data",NA,NA,"ci_mismatch",4,1,"double_zero",3,0.75,"sparse_events",3,0.75,"exp_sd_le0",1,0.25,"ctrl_sd_le0",1,0.25
"CD012268_pub2_data",NA,NA,"double_zero",207,1,"sparse_events",207,1,"ci_mismatch",207,1,"duplicate_study",37,0.179,"",0,NA
"CD012335_pub2_data",NA,NA,"sparse_events",6,0.146,"ci_mismatch",4,0.098,"double_zero",1,0.024,"",0,NA,"",0,NA
"CD012426_pub2_data",NA,NA,"duplicate_study",9,0.333,"ci_mismatch",5,0.185,"exp_n_le0",4,0.148,"ctrl_n_le0",4,0.148,"sparse_events",1,0.037
"CD012445_pub2_data",NA,NA,"double_zero",46,1,"sparse_events",46,1,"ci_mismatch",44,0.957,"duplicate_study",11,0.239,"",0,NA
"CD012532_pub2_data",NA,NA,"double_zero",14,1,"sparse_events",14,1,"exp_sd_le0",14,1,"ctrl_sd_le0",14,1,"ci_mismatch",14,1
"CD012570_pub2_data",NA,NA,"ci_mismatch",49,1,"exp_sd_le0",28,0.571,"ctrl_sd_le0",28,0.571,"sparse_events",26,0.531,"double_zero",21,0.429
"CD012572_pub3_data",NA,NA,"ci_mismatch",45,1,"sparse_events",40,0.889,"double_zero",31,0.689,"exp_sd_le0",14,0.311,"ctrl_sd_le0",14,0.311
"CD012594_pub2_data",NA,NA,"exp_sd_le0",2,1,"ctrl_sd_le0",2,1,"ci_mismatch",2,1,"",0,NA,"",0,NA
"CD012623_pub2_data",NA,NA,"ci_mismatch",31,1,"exp_sd_le0",25,0.806,"ctrl_sd_le0",25,0.806,"duplicate_study",20,0.645,"double_zero",6,0.194
"CD012718_pub2_data",NA,NA,"ci_mismatch",59,0.908,"double_zero",38,0.585,"sparse_events",38,0.585,"exp_sd_le0",38,0.585,"ctrl_sd_le0",38,0.585
"CD012886_pub3_data",NA,NA,"duplicate_study",4,0.08,"",0,NA,"",0,NA,"",0,NA,"",0,NA
"CD012967_pub2_data",NA,NA,"ci_mismatch",8,1,"sparse_events",7,0.875,"double_zero",5,0.625,"exp_sd_le0",3,0.375,"ctrl_sd_le0",3,0.375
"CD012997_pub3_data",NA,NA,"exp_sd_le0",12,1,"ctrl_sd_le0",12,1,"ci_mismatch",11,0.917,"sparse_events",7,0.583,"double_zero",1,0.083
"CD013038_pub3_data",NA,NA,"sparse_events",36,0.923,"double_zero",35,0.897,"ci_mismatch",30,0.769,"exp_sd_le0",4,0.103,"ctrl_sd_le0",4,0.103
"CD013053_pub3_data",NA,NA,"exp_sd_le0",11,1,"ctrl_sd_le0",11,1,"ci_mismatch",11,1,"",0,NA,"",0,NA
"CD013054_pub3_data",NA,NA,"exp_sd_le0",54,1,"ctrl_sd_le0",54,1,"ci_mismatch",54,1,"duplicate_study",6,0.111,"sparse_events",5,0.093
"CD013056_pub3_data",NA,NA,"exp_sd_le0",20,0.952,"ctrl_sd_le0",20,0.952,"ci_mismatch",20,0.952,"sparse_events",5,0.238,"duplicate_study",2,0.095
"CD013057_pub3_data",NA,NA,"exp_sd_le0",3,1,"ctrl_sd_le0",3,1,"ci_mismatch",3,1,"sparse_events",1,0.333,"",0,NA
"CD013078_pub2_data",NA,NA,"double_zero",23,0.958,"sparse_events",23,0.958,"ci_mismatch",22,0.917,"duplicate_study",6,0.25,"exp_sd_le0",1,0.042
"CD013158_pub2_data",NA,NA,"exp_sd_le0",13,1,"ctrl_sd_le0",13,1,"ci_mismatch",12,0.923,"sparse_events",2,0.154,"double_zero",1,0.077
"CD013166_pub3_data",NA,NA,"sparse_events",113,0.911,"ci_mismatch",108,0.871,"double_zero",101,0.815,"exp_sd_le0",83,0.669,"ctrl_sd_le0",83,0.669
"CD013284_pub2_data",NA,NA,"exp_sd_le0",111,1,"ctrl_sd_le0",111,1,"sparse_events",99,0.892,"double_zero",96,0.865,"ci_mismatch",84,0.757
"CD013294_pub2_data",NA,NA,"ci_mismatch",77,1,"sparse_events",75,0.974,"double_zero",74,0.961,"duplicate_study",9,0.117,"exp_sd_le0",3,0.039
"CD013295_pub2_data",NA,NA,"sparse_events",773,0.844,"exp_sd_le0",752,0.821,"ctrl_sd_le0",752,0.821,"double_zero",620,0.677,"ci_mismatch",460,0.502
"CD013329_pub2_data",NA,NA,"double_zero",11,1,"sparse_events",11,1,"ci_mismatch",11,1,"",0,NA,"",0,NA
"CD013331_pub2_data",NA,NA,"ci_mismatch",37,0.925,"sparse_events",33,0.825,"double_zero",32,0.8,"exp_sd_le0",11,0.275,"ctrl_sd_le0",11,0.275
"CD013353_pub2_data",NA,NA,"double_zero",29,1,"sparse_events",29,1,"ci_mismatch",29,1,"duplicate_study",16,0.552,"",0,NA
"CD013358_pub2_data",NA,NA,"ci_mismatch",335,1,"sparse_events",325,0.97,"double_zero",324,0.967,"duplicate_study",64,0.191,"exp_sd_le0",11,0.033
"CD013421_pub2_data",NA,NA,"ci_mismatch",82,0.804,"exp_sd_le0",78,0.765,"ctrl_sd_le0",78,0.765,"sparse_events",54,0.529,"double_zero",44,0.431
"CD013429_pub2_data",NA,NA,"ci_mismatch",103,0.963,"sparse_events",86,0.804,"double_zero",83,0.776,"duplicate_study",69,0.645,"exp_sd_le0",24,0.224
"CD013468_pub2_data",NA,NA,"ci_mismatch",39,0.951,"sparse_events",36,0.878,"double_zero",35,0.854,"exp_sd_le0",8,0.195,"ctrl_sd_le0",8,0.195
"CD013474_pub2_data",NA,NA,"ci_mismatch",82,1,"exp_sd_le0",81,0.988,"ctrl_sd_le0",81,0.988,"sparse_events",57,0.695,"double_zero",51,0.622
"CD013508_pub3_data",NA,NA,"sparse_events",118,0.967,"double_zero",115,0.943,"ci_mismatch",95,0.779,"exp_sd_le0",21,0.172,"ctrl_sd_le0",21,0.172
"CD013571_pub2_data",NA,NA,"ci_mismatch",49,0.754,"double_zero",48,0.738,"sparse_events",48,0.738,"exp_sd_le0",33,0.508,"ctrl_sd_le0",33,0.508
"CD013591_pub2_data",NA,NA,"double_zero",70,1,"sparse_events",70,1,"ci_mismatch",44,0.629,"duplicate_study",29,0.414,"",0,NA
"CD013613_pub2_data",NA,NA,"ci_mismatch",66,0.892,"sparse_events",54,0.73,"double_zero",42,0.568,"exp_sd_le0",40,0.541,"ctrl_sd_le0",40,0.541
"CD013719_pub2_data",NA,NA,"exp_sd_le0",58,0.983,"ctrl_sd_le0",58,0.983,"ci_mismatch",41,0.695,"sparse_events",26,0.441,"double_zero",19,0.322
"CD013726_pub2_data",NA,NA,"ci_mismatch",65,0.793,"sparse_events",64,0.78,"double_zero",53,0.646,"exp_sd_le0",45,0.549,"ctrl_sd_le0",45,0.549
"CD013729_pub2_data",NA,NA,"sparse_events",25,0.962,"ci_mismatch",23,0.885,"double_zero",22,0.846,"exp_sd_le0",5,0.192,"ctrl_sd_le0",5,0.192
"CD013731_pub2_data",NA,NA,"exp_sd_le0",17,1,"ctrl_sd_le0",17,1,"ci_mismatch",17,1,"sparse_events",2,0.118,"double_zero",1,0.059
"CD013757_pub3_data",NA,NA,"exp_sd_le0",39,1,"ctrl_sd_le0",39,1,"ci_mismatch",37,0.949,"sparse_events",12,0.308,"double_zero",10,0.256
"CD013763_pub3_data",NA,NA,"ci_mismatch",352,0.889,"sparse_events",341,0.861,"double_zero",328,0.828,"exp_sd_le0",112,0.283,"ctrl_sd_le0",112,0.283
"CD013773_pub2_data",NA,NA,"ci_mismatch",23,1,"double_zero",16,0.696,"sparse_events",16,0.696,"duplicate_study",10,0.435,"exp_sd_le0",7,0.304
"CD013774_pub2_data",NA,NA,"ci_mismatch",44,0.917,"exp_sd_le0",43,0.896,"ctrl_sd_le0",43,0.896,"double_zero",33,0.688,"sparse_events",33,0.688
"CD013789_pub2_data",NA,NA,"double_zero",385,1,"sparse_events",385,1,"ci_mismatch",385,1,"duplicate_study",331,0.86,"",0,NA
"CD013810_pub2_data",NA,NA,"double_zero",34,1,"sparse_events",34,1,"ci_mismatch",31,0.912,"duplicate_study",5,0.147,"",0,NA
"CD013821_pub2_data",NA,NA,"ci_mismatch",86,0.956,"exp_sd_le0",56,0.622,"ctrl_sd_le0",56,0.622,"double_zero",34,0.378,"sparse_events",34,0.378
"CD013822_pub2_data",NA,NA,"ci_mismatch",72,0.8,"double_zero",49,0.544,"sparse_events",49,0.544,"duplicate_study",46,0.511,"exp_sd_le0",43,0.478
"CD013834_pub2_data",NA,NA,"double_zero",86,1,"sparse_events",86,1,"ci_mismatch",84,0.977,"duplicate_study",37,0.43,"",0,NA
"CD013835_pub2_data",NA,NA,"exp_n_le0",4,1,"ctrl_n_le0",4,1,"double_zero",4,1,"all_events",4,1,"sparse_events",4,1
"CD013857_pub2_data",NA,NA,"exp_sd_le0",3,1,"ctrl_sd_le0",3,1,"sparse_events",2,0.667,"ci_mismatch",2,0.667,"double_zero",1,0.333
"CD014040_pub2_data",NA,NA,"exp_sd_le0",48,1,"ctrl_sd_le0",48,1,"ci_mismatch",47,0.979,"duplicate_study",13,0.271,"sparse_events",4,0.083
"CD014160_pub2_data",NA,NA,"double_zero",6,1,"sparse_events",6,1,"ci_mismatch",6,1,"exp_sd_le0",2,0.333,"ctrl_sd_le0",2,0.333
"CD014428_pub2_data",NA,NA,"double_zero",42,1,"sparse_events",42,1,"ci_mismatch",22,0.524,"duplicate_study",1,0.024,"",0,NA
"CD014497_pub2_data",NA,NA,"exp_sd_le0",2,1,"ctrl_sd_le0",2,1,"ci_mismatch",2,1,"",0,NA,"",0,NA
"CD014573_data",NA,NA,"double_zero",12,1,"sparse_events",12,1,"exp_sd_le0",12,1,"ctrl_sd_le0",12,1,"ci_mismatch",12,1
"CD014574_pub2_data",NA,NA,"duplicate_study",8,0.133,"all_events",2,0.033,"sparse_events",2,0.033,"double_zero",1,0.017,"",0,NA
"CD014580_pub2_data",NA,NA,"ci_mismatch",32,0.97,"exp_sd_le0",21,0.636,"ctrl_sd_le0",21,0.636,"sparse_events",14,0.424,"double_zero",13,0.394
"CD014617_pub3_data",NA,NA,"exp_sd_le0",12,1,"ctrl_sd_le0",12,1,"ci_mismatch",9,0.75,"sparse_events",2,0.167,"",0,NA
"CD014623_pub2_data",NA,NA,"sparse_events",1,0.1,"",0,NA,"",0,NA,"",0,NA,"",0,NA
"CD014687_pub2_data",NA,NA,"ci_mismatch",37,0.974,"sparse_events",28,0.737,"double_zero",26,0.684,"duplicate_study",23,0.605,"exp_sd_le0",13,0.342
"CD014688_pub2_data",NA,NA,"double_zero",13,1,"sparse_events",13,1,"ci_mismatch",8,0.615,"duplicate_study",5,0.385,"",0,NA
"CD014713_pub2_data",NA,NA,"exp_sd_le0",15,1,"ctrl_sd_le0",15,1,"ci_mismatch",15,1,"duplicate_study",1,0.067,"",0,NA
"CD014722_pub2_data",NA,NA,"ci_mismatch",350,0.986,"sparse_events",339,0.955,"double_zero",337,0.949,"duplicate_study",64,0.18,"exp_sd_le0",23,0.065
"CD014755_pub2_data",NA,NA,"exp_sd_le0",8,0.8,"ctrl_sd_le0",8,0.8,"sparse_events",7,0.7,"ci_mismatch",7,0.7,"double_zero",4,0.4
"CD014758_pub3_data",NA,NA,"double_zero",274,1,"sparse_events",274,1,"exp_sd_le0",205,0.748,"ctrl_sd_le0",205,0.748,"variance_se_mismatch",182,0.664
"CD014785_pub2_data",NA,NA,"ci_mismatch",8,1,"double_zero",5,0.625,"sparse_events",5,0.625,"exp_sd_le0",3,0.375,"ctrl_sd_le0",3,0.375
"CD014803_pub2_data",NA,NA,"ci_mismatch",12,0.857,"exp_sd_le0",9,0.643,"ctrl_sd_le0",9,0.643,"sparse_events",7,0.5,"duplicate_study",5,0.357
"CD014811_pub2_data",NA,NA,"ci_mismatch",32,0.97,"sparse_events",20,0.606,"exp_sd_le0",18,0.545,"ctrl_sd_le0",18,0.545,"double_zero",16,0.485
"CD014845_pub2_data",NA,NA,"double_zero",184,1,"sparse_events",184,1,"exp_sd_le0",133,0.723,"ctrl_sd_le0",133,0.723,"variance_se_mismatch",86,0.467
"CD014861_pub2_data",NA,NA,"sparse_events",35,0.833,"double_zero",30,0.714,"ci_mismatch",30,0.714,"exp_sd_le0",22,0.524,"ctrl_sd_le0",22,0.524
"CD014871_pub2_data",NA,NA,"double_zero",99,1,"sparse_events",99,1,"ci_mismatch",99,1,"duplicate_study",18,0.182,"",0,NA
"CD014872_pub2_data",NA,NA,"ci_mismatch",333,0.994,"exp_sd_le0",326,0.973,"ctrl_sd_le0",326,0.973,"sparse_events",229,0.684,"double_zero",226,0.675
"CD014889_pub2_data",NA,NA,"exp_sd_le0",26,1,"ctrl_sd_le0",26,1,"ci_mismatch",22,0.846,"sparse_events",5,0.192,"double_zero",4,0.154
"CD014923_pub2_data",NA,NA,"ci_mismatch",25,0.926,"sparse_events",21,0.778,"double_zero",16,0.593,"duplicate_study",15,0.556,"exp_sd_le0",11,0.407
"CD014932_pub2_data",NA,NA,"double_zero",53,1,"sparse_events",53,1,"ci_mismatch",52,0.981,"duplicate_study",18,0.34,"",0,NA
"CD014944_pub2_data",NA,NA,"ci_mismatch",18,1,"exp_sd_le0",16,0.889,"ctrl_sd_le0",16,0.889,"duplicate_study",8,0.444,"sparse_events",3,0.167
"CD014960_pub2_data",NA,NA,"ci_mismatch",17,1,"exp_sd_le0",15,0.882,"ctrl_sd_le0",15,0.882,"sparse_events",12,0.706,"double_zero",2,0.118
"CD014999_pub2_data",NA,NA,"ci_mismatch",21,1,"exp_sd_le0",17,0.81,"ctrl_sd_le0",17,0.81,"duplicate_study",9,0.429,"sparse_events",5,0.238
"CD015040_pub2_data",NA,NA,"double_zero",46,1,"sparse_events",46,1,"ci_mismatch",32,0.696,"duplicate_study",25,0.543,"",0,NA
"CD015042_pub2_data",NA,NA,"exp_sd_le0",10,0.833,"ctrl_sd_le0",10,0.833,"ci_mismatch",9,0.75,"double_zero",2,0.167,"sparse_events",2,0.167
"CD015060_pub2_data",NA,NA,"ci_mismatch",26,0.963,"sparse_events",16,0.593,"exp_sd_le0",14,0.519,"ctrl_sd_le0",14,0.519,"double_zero",13,0.481
"CD015064_pub2_data",NA,NA,"ci_mismatch",14,1,"exp_sd_le0",12,0.857,"ctrl_sd_le0",12,0.857,"sparse_events",5,0.357,"duplicate_study",3,0.214
"CD015066_pub2_data",NA,NA,"ci_mismatch",8,1,"double_zero",6,0.75,"sparse_events",6,0.75,"duplicate_study",4,0.5,"exp_sd_le0",2,0.25
"CD015083_pub2_data",NA,NA,"double_zero",1589,1,"sparse_events",1589,1,"exp_sd_le0",1589,1,"ctrl_sd_le0",1589,1,"duplicate_study",1349,0.849
"CD015101_data",NA,NA,"sparse_events",41,1,"double_zero",39,0.951,"ci_mismatch",39,0.951,"duplicate_study",27,0.659,"exp_sd_le0",3,0.073
"CD015112_pub3_data",NA,NA,"exp_n_le0",3,1,"ctrl_n_le0",3,1,"double_zero",3,1,"all_events",3,1,"sparse_events",3,1
"CD015120_pub2_data",NA,NA,"double_zero",66,1,"sparse_events",66,1,"exp_sd_le0",66,1,"ctrl_sd_le0",66,1,"ci_mismatch",66,1
"CD015122_pub2_data",NA,NA,"ci_mismatch",78,0.975,"exp_sd_le0",68,0.85,"ctrl_sd_le0",68,0.85,"sparse_events",28,0.35,"double_zero",21,0.262
"CD015124_pub2_data",NA,NA,"ctrl_n_le0",25,1,"double_zero",25,1,"sparse_events",25,1,"exp_sd_le0",25,1,"ctrl_sd_le0",25,1
"CD015145_pub2_data",NA,NA,"sparse_events",1,0.006,"exp_sd_le0",1,0.006,"",0,NA,"",0,NA,"",0,NA
"CD015158_pub2_data",NA,NA,"ci_mismatch",48,0.96,"double_zero",46,0.92,"sparse_events",46,0.92,"duplicate_study",22,0.44,"exp_sd_le0",10,0.2
"CD015229_pub2_data",NA,NA,"exp_sd_le0",2,0.036,"",0,NA,"",0,NA,"",0,NA,"",0,NA
"CD015252_pub2_data",NA,NA,"ci_mismatch",66,1,"exp_sd_le0",52,0.788,"ctrl_sd_le0",52,0.788,"duplicate_study",28,0.424,"sparse_events",17,0.258
"CD015284_pub2_data",NA,NA,"ci_mismatch",145,0.868,"double_zero",143,0.856,"sparse_events",143,0.856,"exp_sd_le0",25,0.15,"ctrl_sd_le0",25,0.15
"CD015313_pub2_data",NA,NA,"double_zero",3,1,"sparse_events",3,1,"ci_mismatch",3,1,"",0,NA,"",0,NA
"CD015326_pub2_data",NA,NA,"double_zero",433,1,"sparse_events",433,1,"exp_sd_le0",433,1,"ctrl_sd_le0",433,1,"variance_se_mismatch",241,0.557
"CD015328_pub2_data",NA,NA,"duplicate_study",21,0.072,"",0,NA,"",0,NA,"",0,NA,"",0,NA
"CD015330_pub2_data",NA,NA,"",0,NA,"",0,NA,"",0,NA,"",0,NA,"",0,NA
"CD015350_pub2_data",NA,NA,"ci_mismatch",41,0.707,"exp_sd_le0",38,0.655,"ctrl_sd_le0",38,0.655,"sparse_events",32,0.552,"double_zero",25,0.431
"CD015383_pub2_data",NA,NA,"double_zero",22,1,"sparse_events",22,1,"exp_sd_le0",22,1,"ctrl_sd_le0",22,1,"variance_se_mismatch",13,0.591
"CD015448_pub2_data",NA,NA,"double_zero",46,1,"sparse_events",46,1,"ci_mismatch",25,0.543,"exp_sd_le0",8,0.174,"ctrl_sd_le0",8,0.174
"CD015462_pub2_data",NA,NA,"ci_mismatch",32,0.889,"exp_sd_le0",24,0.667,"ctrl_sd_le0",24,0.667,"sparse_events",21,0.583,"double_zero",16,0.444
"CD015495_data",NA,NA,"exp_sd_le0",41,1,"ctrl_sd_le0",41,1,"ci_mismatch",41,1,"double_zero",36,0.878,"sparse_events",36,0.878
"CD015517_data",NA,NA,"double_zero",216,0.995,"sparse_events",216,0.995,"duplicate_study",138,0.636,"ci_mismatch",64,0.295,"exp_sd_le0",1,0.005
"CD015518_data",NA,NA,"double_zero",208,1,"sparse_events",208,1,"duplicate_study",150,0.721,"ci_mismatch",53,0.255,"",0,NA
"CD015519_pub2_data",NA,NA,"sparse_events",39,1,"double_zero",38,0.974,"ci_mismatch",21,0.538,"duplicate_study",17,0.436,"exp_sd_le0",2,0.051
"CD015520_data",NA,NA,"double_zero",104,1,"sparse_events",104,1,"ci_mismatch",32,0.308,"duplicate_study",23,0.221,"",0,NA
"CD015526_pub2_data",NA,NA,"exp_sd_le0",8,1,"ctrl_sd_le0",8,1,"sparse_events",6,0.75,"double_zero",4,0.5,"ci_mismatch",4,0.5
"CD015592_pub3_data",NA,NA,"exp_sd_le0",10,0.909,"ctrl_sd_le0",10,0.909,"double_zero",6,0.545,"sparse_events",6,0.545,"ci_mismatch",6,0.545
"CD015594_pub2_data",NA,NA,"sparse_events",4,0.8,"ci_mismatch",4,0.8,"double_zero",3,0.6,"exp_sd_le0",3,0.6,"ctrl_sd_le0",3,0.6
"CD015636_pub2_data",NA,NA,"double_zero",7,1,"sparse_events",7,1,"exp_sd_le0",7,1,"ctrl_sd_le0",7,1,"ci_mismatch",7,1
"CD015701_pub2_data",NA,NA,"exp_sd_le0",19,1,"ctrl_sd_le0",19,1,"ci_mismatch",19,1,"duplicate_study",7,0.368,"sparse_events",1,0.053
"CD015749_pub2_data",NA,NA,"sparse_events",51,0.911,"double_zero",50,0.893,"ci_mismatch",46,0.821,"duplicate_study",24,0.429,"exp_sd_le0",6,0.107
"CD015751_pub2_data",NA,NA,"sparse_events",32,0.97,"double_zero",28,0.848,"ci_mismatch",23,0.697,"duplicate_study",13,0.394,"exp_sd_le0",5,0.152
"CD015786_pub2_data",NA,NA,"ci_mismatch",40,0.976,"exp_sd_le0",39,0.951,"ctrl_sd_le0",39,0.951,"sparse_events",26,0.634,"double_zero",13,0.317
"CD015788_pub2_data",NA,NA,"ci_mismatch",19,0.864,"double_zero",14,0.636,"sparse_events",14,0.636,"exp_sd_le0",8,0.364,"ctrl_sd_le0",8,0.364
"CD015790_pub2_data",NA,NA,"double_zero",52,0.963,"sparse_events",52,0.963,"ci_mismatch",41,0.759,"exp_sd_le0",2,0.037,"ctrl_sd_le0",2,0.037
"CD015802_pub2_data",NA,NA,"exp_sd_le0",6,0.857,"ctrl_sd_le0",6,0.857,"ci_mismatch",6,0.857,"sparse_events",4,0.571,"double_zero",2,0.286
"CD015804_pub2_data",NA,NA,"ctrl_sd_le0",58,0.921,"exp_sd_le0",57,0.905,"ci_mismatch",48,0.762,"sparse_events",27,0.429,"double_zero",20,0.317
"CD015820_pub2_data",NA,NA,"sparse_events",24,0.8,"double_zero",22,0.733,"ci_mismatch",15,0.5,"exp_sd_le0",8,0.267,"ctrl_sd_le0",8,0.267
"CD015830_pub2_data",NA,NA,"sparse_events",2,0.182,"",0,NA,"",0,NA,"",0,NA,"",0,NA
"CD015877_data",NA,NA,"duplicate_study",3,0.429,"",0,NA,"",0,NA,"",0,NA,"",0,NA
"CD015894_pub2_data",NA,NA,"sparse_events",28,1,"double_zero",27,0.964,"ci_mismatch",12,0.429,"exp_sd_le0",5,0.179,"ctrl_sd_le0",5,0.179
"CD015968_data",NA,NA,"",0,NA,"",0,NA,"",0,NA,"",0,NA,"",0,NA
"CD016001_data",NA,NA,"sparse_events",30,0.283,"double_zero",28,0.264,"duplicate_study",17,0.16,"exp_n_le0",5,0.047,"ctrl_n_le0",5,0.047
"CD016136_data",NA,NA,"double_zero",205,1,"sparse_events",205,1,"exp_sd_le0",205,1,"ctrl_sd_le0",205,1,"duplicate_study",72,0.351
